run,phase,preset,probe,mask,seed_key,passes,width,height,warmup_passes,measured_passes,native_render_seconds,ms_per_pass,estimated_total_render_ms,launch_seconds_diagnostic_only,display_gpu,binary_sha256,config_sha256,film_sha256
beauty-p80,beauty,80,-1,3976,0,4096,640,400,8,4088,125.60098829999991,30.724312206457903,125846.78279765157,128.92731299999286,NVIDIA GeForce RTX 4080 Laptop GPU/PCIe/SSE2,08cbcb4555bd6df102e797b7c9d65460be0db21562fd33c6db4785c972d2901e,2a6773eb58aa0c501b20c141960ecd30505b0f789838ea45f261d8bc670db2a2,d2e9f5ef12a046262de28a0804823339bd73d436f216b364796930c4e7d15124
beauty-p81,beauty,81,-1,3976,0,4096,640,400,8,4088,131.51163780000016,32.17016580234838,131768.99912641896,135.04039249999914,NVIDIA GeForce RTX 4080 Laptop GPU/PCIe/SSE2,08cbcb4555bd6df102e797b7c9d65460be0db21562fd33c6db4785c972d2901e,ced78da1ac56153505e40f6ed7e1b1a63e6e4cb2734639e4e4e4563fb5650638,30bd8aeae7195f3a1e54beb7775f45a2365e826d41a8d1bcd3486692a70cb59d
beauty-p82,beauty,82,-1,3976,0,4096,640,400,8,4088,175.5907491,42.95272727495108,175934.37091819962,179.0058066000056,NVIDIA GeForce RTX 4080 Laptop GPU/PCIe/SSE2,08cbcb4555bd6df102e797b7c9d65460be0db21562fd33c6db4785c972d2901e,f370b06387b29b5d146c77d7da56002bc673a083c350c5fdb9589f68a9905c66,883aa29c0e9611f49c86aca2ae05fb808c54d0ac685f5eca58ad10f2d6551a4e
composite80-six-s0,measurement,80,-1,3976,0,1024,160,100,8,1016,2.009887899999999,1.978236122047243,2025.713788976377,2.511614799994277,NVIDIA GeForce RTX 4080 Laptop GPU/PCIe/SSE2,08cbcb4555bd6df102e797b7c9d65460be0db21562fd33c6db4785c972d2901e,1d9c39c7b0a6f33dc2ef2b86c321717615c18edabcad289a8fd5de1617e8d095,479b00489162c6f91601c751f838051b6135b5fd00cd414ac5be077ea9abff04
composite80-six-s1,measurement,80,-1,3976,1000003,1024,160,100,8,1016,2.2106213999999986,2.175808464566928,2228.0278677165343,2.723779399995692,NVIDIA GeForce RTX 4080 Laptop GPU/PCIe/SSE2,08cbcb4555bd6df102e797b7c9d65460be0db21562fd33c6db4785c972d2901e,794579d695af1231b6bb552f9c267fa872203314892ac864b387d15dacbbf9ec,ec0027fc0f63c683eb31af747e262afd06ceb8570964bd0e16ee5113104a5cb3
composite80-six-s2,measurement,80,-1,3976,2000006,1024,160,100,8,1016,2.0247167000000013,1.9928313976377965,2040.6593511811036,2.5359167999995407,NVIDIA GeForce RTX 4080 Laptop GPU/PCIe/SSE2,08cbcb4555bd6df102e797b7c9d65460be0db21562fd33c6db4785c972d2901e,6075e96fc552718fdb6d8f4872e21317342308a098e6086b439760d3c6598ce1,3eb61fbe53a2aa89465b91fd7cc1ab58f96206a72a571b5ad3dfd952bc2ca86d
composite80-six-s3,measurement,80,-1,3976,3000009,1024,160,100,8,1016,2.0266981000000004,1.9947815944881893,2042.6563527559058,2.5195507999887923,NVIDIA GeForce RTX 4080 Laptop GPU/PCIe/SSE2,08cbcb4555bd6df102e797b7c9d65460be0db21562fd33c6db4785c972d2901e,edcf0719150b8740d85e4f364124f195020f06214c0e4d1a766a6bb01a0604e9,013312c5dad6952e3ecf15164173f9fd3126e3ba0d2306a9fe1d1d688fdf295a
composite80-six-s4,measurement,80,-1,3976,4000012,1024,160,100,8,1016,2.3125151999999987,2.276097637795274,2330.7239811023605,2.8476515999936964,NVIDIA GeForce RTX 4080 Laptop GPU/PCIe/SSE2,08cbcb4555bd6df102e797b7c9d65460be0db21562fd33c6db4785c972d2901e,43a1290c2e8ad3ac965653929aad8e2ba6e0ffb90b087f182486a80b90e50bf9,29c0314c7d5bad3358744ba9e6267378a321ee6dd478807f2809b819e5a2acc7
composite80-six-s5,measurement,80,-1,3976,5000015,1024,160,100,8,1016,2.044305699999997,2.0121119094488162,2060.402595275588,2.567197099997429,NVIDIA GeForce RTX 4080 Laptop GPU/PCIe/SSE2,08cbcb4555bd6df102e797b7c9d65460be0db21562fd33c6db4785c972d2901e,4e70ef5edab924e5cf8dc87bb98df2e0425dcdecfdad47d113e29959a1902a88,ae4a8283165c052aa99361ff96504e07b7b7f4b7386fd1af7f6e3c488f411d28
composite80-spins-s0,measurement,80,-1,896,0,1024,160,100,8,1016,1.0463970999999987,1.0299184055118098,1054.6364472440932,1.6095618999970611,NVIDIA GeForce RTX 4080 Laptop GPU/PCIe/SSE2,08cbcb4555bd6df102e797b7c9d65460be0db21562fd33c6db4785c972d2901e,4a42f4ce1678a8ce16bd56e3d488be5fd95e3892daa5eaaeb5901cd4d895b6af,9f6fe355f947ef391fe319e5dfdc11197cd66af9078ebd32f2212336075502bd
composite80-spins-s1,measurement,80,-1,896,1000003,1024,160,100,8,1016,1.0082700000000002,0.9923917322834648,1016.2091338582679,1.54826929999399,NVIDIA GeForce RTX 4080 Laptop GPU/PCIe/SSE2,08cbcb4555bd6df102e797b7c9d65460be0db21562fd33c6db4785c972d2901e,b6bb56f68c2b29af68ad56840156f38358557e2ec28bb9ffd877157a9c11b45f,cce79041dc8dd272d69d214f7ec1802ca28da4c644ba3c30295d3c04d8eab97e
composite80-spins-s2,measurement,80,-1,896,2000006,1024,160,100,8,1016,0.9714469999999998,0.9561486220472439,979.0961889763778,1.470104199994239,NVIDIA GeForce RTX 4080 Laptop GPU/PCIe/SSE2,08cbcb4555bd6df102e797b7c9d65460be0db21562fd33c6db4785c972d2901e,4b282388754d44d801b4e844ab76aed961382e3475950b1a2ef541eacdf94bca,f2bbab7426fbc31e635c3e814ddd821439b4fe968c0754535d62cb5bfe905d07
composite80-spins-s3,measurement,80,-1,896,3000009,1024,160,100,8,1016,1.1493429000000006,1.1312430118110242,1158.3928440944887,1.6516509000066435,NVIDIA GeForce RTX 4080 Laptop GPU/PCIe/SSE2,08cbcb4555bd6df102e797b7c9d65460be0db21562fd33c6db4785c972d2901e,c76cac5c4a552555f833bfce9f16a95fc8f10fef7b1fb916c07f56c67e2e66f6,b47da53a48956584ffcc6f9d5391624f789bb191c65ef91c72159956572348cb
composite80-spins-s4,measurement,80,-1,896,4000012,1024,160,100,8,1016,0.9843311000000002,0.9688298228346459,992.0817385826774,1.4657326000015019,NVIDIA GeForce RTX 4080 Laptop GPU/PCIe/SSE2,08cbcb4555bd6df102e797b7c9d65460be0db21562fd33c6db4785c972d2901e,252c5e06eeb74215bcb91e568b2ca43aaf4e53a58a36273cc1b28d40bd91dda2,c95009d0b1559b69970368d8182a3eb02d4011419a1bd2131436546cbc9e1449
composite80-spins-s5,measurement,80,-1,896,5000015,1024,160,100,8,1016,0.9415596999999997,0.9267319881889761,948.9735559055115,1.4638159000023734,NVIDIA GeForce RTX 4080 Laptop GPU/PCIe/SSE2,08cbcb4555bd6df102e797b7c9d65460be0db21562fd33c6db4785c972d2901e,ab6c6bfb2bc502774d5152cf3f9c03eb8e4126edec7b695ce82d86882270e4a4,29046a6a5e6f23593714a58dbe8ef058019eb3d270e6f5ab575158e80fb904cd
composite80-uv-s0,measurement,80,-1,8,0,1024,160,100,8,1016,0.6243251000000005,0.6144932086614178,629.2410456692918,1.1332605000061449,NVIDIA GeForce RTX 4080 Laptop GPU/PCIe/SSE2,08cbcb4555bd6df102e797b7c9d65460be0db21562fd33c6db4785c972d2901e,b2f9ea817e2c91fa73c92d9a17d5f7f6ef5a242a6b2ce4e42757c036ee3d9130,c8e0aec5171c8d129ca553f79a28a2e7ae8e40f63854d3c0bf44ecf940e325b7
composite80-uv-s1,measurement,80,-1,8,1000003,1024,160,100,8,1016,0.6093212999999994,0.5997256889763773,614.1191055118104,1.0996314999938477,NVIDIA GeForce RTX 4080 Laptop GPU/PCIe/SSE2,08cbcb4555bd6df102e797b7c9d65460be0db21562fd33c6db4785c972d2901e,c4cb09dd850a1f506cd1d0c966c7e24908c623c3aff47e6fd4eaef029d30793b,0cd2736e31517b7fded303640ae746d06cab6e0b5a23f270ca82b98eabfdeef2
composite80-uv-s2,measurement,80,-1,8,2000006,1024,160,100,8,1016,0.5703427999999999,0.5613610236220471,574.8336881889762,1.0528322000027401,NVIDIA GeForce RTX 4080 Laptop GPU/PCIe/SSE2,08cbcb4555bd6df102e797b7c9d65460be0db21562fd33c6db4785c972d2901e,eea3e73b895f38d6ebfe1f5fba18a413ba914bb70789cf40e00c376363c5e78f,15ae42c2559304ec77bd942a0c0a199aef3496e554fe8cf0197c590784674a3c
composite80-uv-s3,measurement,80,-1,8,3000009,1024,160,100,8,1016,0.6039110999999997,0.5944006889763777,608.6663055118107,1.114076900004875,NVIDIA GeForce RTX 4080 Laptop GPU/PCIe/SSE2,08cbcb4555bd6df102e797b7c9d65460be0db21562fd33c6db4785c972d2901e,5d0207cf73d6b76ed5b7637a49a9c41968eb918d43028ebcfb356ed7e89208d7,159dbb7c6a440ef257de1310510cabc07ac89f4f7563f0e3371b70c03bc88e6c
composite80-uv-s4,measurement,80,-1,8,4000012,1024,160,100,8,1016,0.6091381,0.599545374015748,613.934462992126,1.104218899999978,NVIDIA GeForce RTX 4080 Laptop GPU/PCIe/SSE2,08cbcb4555bd6df102e797b7c9d65460be0db21562fd33c6db4785c972d2901e,21f78e94e1447141097df46eadc0902dc54342661c4b9d0ddd54d0d449e16d02,cef969bbf56414ebdc22820249b4b5a6f8d51dfb003d4980838c7a6fdd7667d5
composite80-uv-s5,measurement,80,-1,8,5000015,1024,160,100,8,1016,0.6298768000000016,0.6199574803149622,634.8364598425213,1.1558436000050278,NVIDIA GeForce RTX 4080 Laptop GPU/PCIe/SSE2,08cbcb4555bd6df102e797b7c9d65460be0db21562fd33c6db4785c972d2901e,202d7ecd34be8ee56d6b381b19c068a77788223a3cd3130a17a4937b73d025d5,3d1d9e803d430fe54d87e35e9cae72aabc8c111f11f168d169cf2b5253451726
composite80-uv-sphere-s0,measurement,80,-1,136,0,1024,160,100,8,1016,0.8781212000000007,0.8642925196850401,885.035540157481,1.4268082000053255,NVIDIA GeForce RTX 4080 Laptop GPU/PCIe/SSE2,08cbcb4555bd6df102e797b7c9d65460be0db21562fd33c6db4785c972d2901e,f1c9e2022150673106d03464eb989dcce5c1d74ad171b743e068a62c4bc26fd8,127e3b8304cacb004b7580cf2cd563829ab9f968eb624937fd6661f2d1238c49
composite80-uv-sphere-s1,measurement,80,-1,136,1000003,1024,160,100,8,1016,0.8658207999999991,0.8521858267716527,872.6382866141723,1.3879316999955336,NVIDIA GeForce RTX 4080 Laptop GPU/PCIe/SSE2,08cbcb4555bd6df102e797b7c9d65460be0db21562fd33c6db4785c972d2901e,2284eaf0e2922736d7c15ffce31429dc53769c96a3196e9ba487c47478bb1719,03255814192bf2a701ef7c845885bd51f54eefa4cfca66d9ea06de66b6ee7dc9
composite80-uv-sphere-s2,measurement,80,-1,136,2000006,1024,160,100,8,1016,0.9062262999999998,0.8919550196850392,913.3619401574801,1.4438768000109121,NVIDIA GeForce RTX 4080 Laptop GPU/PCIe/SSE2,08cbcb4555bd6df102e797b7c9d65460be0db21562fd33c6db4785c972d2901e,40904a2f0cc05269d987b173a79b6947385c5a50acd9dcce94568736b0e0d893,ab78c91720bdce630d05cffa5ac5f66df337817e1fa156607cb576feb2e471bf
composite80-uv-sphere-s3,measurement,80,-1,136,3000009,1024,160,100,8,1016,0.8836801000000005,0.8697638779527563,890.6382110236225,1.3863770000025397,NVIDIA GeForce RTX 4080 Laptop GPU/PCIe/SSE2,08cbcb4555bd6df102e797b7c9d65460be0db21562fd33c6db4785c972d2901e,d15a4a864135b7592c2545f1cea4c9b883f7232373f34752729f0d3a029eeccd,051869b551fb0edbbae148299929bb3e157407e89c554449099c6a42caeafa60
composite80-uv-sphere-s4,measurement,80,-1,136,4000012,1024,160,100,8,1016,0.9247783000000002,0.9102148622047246,932.060018897638,1.4393905000033556,NVIDIA GeForce RTX 4080 Laptop GPU/PCIe/SSE2,08cbcb4555bd6df102e797b7c9d65460be0db21562fd33c6db4785c972d2901e,f5cefafb05f702e6e6ef770e47c2d83a06d958e5356777fb34fa2a61648dd78a,785f8939a60a2d5f9bdbfd49c0880cea5c216a1e6f8a57fe0085669657b82b0a
composite80-uv-sphere-s5,measurement,80,-1,136,5000015,1024,160,100,8,1016,0.8096660000000007,0.7969153543307093,816.0413228346463,1.287721300002886,NVIDIA GeForce RTX 4080 Laptop GPU/PCIe/SSE2,08cbcb4555bd6df102e797b7c9d65460be0db21562fd33c6db4785c972d2901e,0d68e4b2b7916f1105db70acb3835aa819110f8f98acafaad5b637a6290028ac,7042f48718351b15ec06274a30022c186c7274b1333b315a74a7d534c8a20eca
composite81-six-s0,measurement,81,-1,3976,0,1024,160,100,8,1016,2.222133399999999,2.187139173228345,2239.6305133858255,2.7456069000036223,NVIDIA GeForce RTX 4080 Laptop GPU/PCIe/SSE2,08cbcb4555bd6df102e797b7c9d65460be0db21562fd33c6db4785c972d2901e,a06e256e5c7a030518fe543b06411b10f7ec71ba050765ac8a053def7dfadc91,583998040d860e1fc8d56498991bc36b6d4fd0b13f8fef9ad8e4b0ee49e6c75a
composite81-six-s1,measurement,81,-1,3976,1000003,1024,160,100,8,1016,2.199172999999998,2.1645403543307067,2216.4893228346436,2.7158314999978757,NVIDIA GeForce RTX 4080 Laptop GPU/PCIe/SSE2,08cbcb4555bd6df102e797b7c9d65460be0db21562fd33c6db4785c972d2901e,4763ec0f1d92a3334c2027fa6ade4aec23c6b69b5844c8738c38a06487ed43f9,0470421f79442aff3d2236236aa0ece22796285d1e7592335df5d256953db854
composite81-six-s2,measurement,81,-1,3976,2000006,1024,160,100,8,1016,2.003334600000003,1.9717860236220504,2019.1088881889796,2.5374585000099614,NVIDIA GeForce RTX 4080 Laptop GPU/PCIe/SSE2,08cbcb4555bd6df102e797b7c9d65460be0db21562fd33c6db4785c972d2901e,889afa0cddd185900a1e6b72c3ec9617bc3d26fe9dc2d6ed0643dbf94518665d,962e764e87bc77ce7effdc91b9fb42b48ec92b226451e5e31ec9cb64fb514c48
composite81-six-s3,measurement,81,-1,3976,3000009,1024,160,100,8,1016,1.987883999999999,1.9565787401574795,2003.536629921259,2.4840388000011444,NVIDIA GeForce RTX 4080 Laptop GPU/PCIe/SSE2,08cbcb4555bd6df102e797b7c9d65460be0db21562fd33c6db4785c972d2901e,c14aa3212531b474e4a92e4d7da7035e7656519d47f5c65570cd23839ac23318,8d89fc0fea9b0a6fa3ad1de1850aff4751fa58c2c6cd84e53bfb1ac08d33c89a
composite81-six-s4,measurement,81,-1,3976,4000012,1024,160,100,8,1016,2.0062182000000006,1.974624212598426,2022.0151937007881,2.5314644999889424,NVIDIA GeForce RTX 4080 Laptop GPU/PCIe/SSE2,08cbcb4555bd6df102e797b7c9d65460be0db21562fd33c6db4785c972d2901e,af9877b5a110ad079870e0399e5235e48d751ce3de1d421b3a8302be848d96c0,eda8de39bbd67146eca2dedb119081778c29b9427f583ec6f3298721ff866436
composite81-six-s5,measurement,81,-1,3976,5000015,1024,160,100,8,1016,1.9990031999999982,1.9675228346456677,2014.7433826771637,2.576874799997313,NVIDIA GeForce RTX 4080 Laptop GPU/PCIe/SSE2,08cbcb4555bd6df102e797b7c9d65460be0db21562fd33c6db4785c972d2901e,da11e216c72ce90676b87cbc7e1d89431185ab20d5dede3986a338aae55970a1,c1463e81f7d631b192517e9a192528b2a029b7cd52ca322914a1543442ef5448
composite81-spins-s0,measurement,81,-1,896,0,1024,160,100,8,1016,1.0279175,1.0117298228346456,1036.0113385826771,1.5370102999877417,NVIDIA GeForce RTX 4080 Laptop GPU/PCIe/SSE2,08cbcb4555bd6df102e797b7c9d65460be0db21562fd33c6db4785c972d2901e,156015622950490dd41ef4b8b4d5dad6b7b6acb2c5943109c90e0c2bbe0e28e2,3f90629cf6ba905567da486fe9908cc3fe4d233339d85ae9ce8a36b0c04292f4
composite81-spins-s1,measurement,81,-1,896,1000003,1024,160,100,8,1016,1.0400209999999999,1.023642716535433,1048.2101417322833,1.541178100000252,NVIDIA GeForce RTX 4080 Laptop GPU/PCIe/SSE2,08cbcb4555bd6df102e797b7c9d65460be0db21562fd33c6db4785c972d2901e,7ab91cdb9eba31ae054f28491927d5bd9a4cced0a76ee2ad4a93dad99dd2a096,7fb68b1f98fcc7131e4fbb1e334e1c30be0b0f61498a6fb9d3a0383c65700b8d
composite81-spins-s2,measurement,81,-1,896,2000006,1024,160,100,8,1016,1.0203867000000006,1.004317618110237,1028.4212409448826,1.530929800006561,NVIDIA GeForce RTX 4080 Laptop GPU/PCIe/SSE2,08cbcb4555bd6df102e797b7c9d65460be0db21562fd33c6db4785c972d2901e,2800aa84494416070fdb3580184626ff0cae1ea8aa5cc972b518027996dea2c9,6a0cffebfa69ee8e34cb531d97b0791a4bf07942cc6c1b03f354cf7294d4ae62
composite81-spins-s3,measurement,81,-1,896,3000009,1024,160,100,8,1016,0.9523862000000003,0.9373879921259846,959.8853039370082,1.454878299991833,NVIDIA GeForce RTX 4080 Laptop GPU/PCIe/SSE2,08cbcb4555bd6df102e797b7c9d65460be0db21562fd33c6db4785c972d2901e,24858e899e3687129c5f580803d4361e7d4de2f3462e328f45ece35a638c650a,af5fc239637ea89fb4e7417cf77b35509eebe1fd5c606050719da41a137ca0f1
composite81-spins-s4,measurement,81,-1,896,4000012,1024,160,100,8,1016,0.941321499999999,0.9264975393700777,948.7334803149596,1.4149191999895265,NVIDIA GeForce RTX 4080 Laptop GPU/PCIe/SSE2,08cbcb4555bd6df102e797b7c9d65460be0db21562fd33c6db4785c972d2901e,055519767c8fa91b963cb03e9b68226a654bcc89c2f638df61877a87648f0746,95b818b0ea4d39785a2bfe0bd25ce77d9b72883f9e2a1704160f2b47f0904cb9
composite81-spins-s5,measurement,81,-1,896,5000015,1024,160,100,8,1016,0.9769939000000002,0.9616081692913387,984.6867653543309,1.5013306999899214,NVIDIA GeForce RTX 4080 Laptop GPU/PCIe/SSE2,08cbcb4555bd6df102e797b7c9d65460be0db21562fd33c6db4785c972d2901e,c15e78884e9a0d8b6a19110c54dba5f7fa902c67b47637eb98e3d6e521f07ef7,7c8338914fde135af756509e95da320c7653c98f14a0207ae42a1482c87d88ae
composite81-uv-s0,measurement,81,-1,8,0,1024,160,100,8,1016,0.5902436999999993,0.5809485236220465,594.8912881889756,1.0821867999911774,NVIDIA GeForce RTX 4080 Laptop GPU/PCIe/SSE2,08cbcb4555bd6df102e797b7c9d65460be0db21562fd33c6db4785c972d2901e,ecaff6fbe34262a77bbb60539e68a27ab62f3d43f0ba16a78987c3c301c9edc5,b74b2fbfa9479ec73d7f8ec2f4eb5f8ff8921adaad09babfacec5cc2dd66939a
composite81-uv-s1,measurement,81,-1,8,1000003,1024,160,100,8,1016,0.5860837000000008,0.5768540354330717,590.6985322834654,1.0993297999957576,NVIDIA GeForce RTX 4080 Laptop GPU/PCIe/SSE2,08cbcb4555bd6df102e797b7c9d65460be0db21562fd33c6db4785c972d2901e,693892fe411f33a858602df8414e5259c184a3ae84b141dab3db26f0b16cfbf6,c009bacea9497a9a81631b7d92ec79633602d549b3530d3a9dee9ec3baca1865
composite81-uv-s2,measurement,81,-1,8,2000006,1024,160,100,8,1016,0.5868976,0.5776551181102362,591.5188409448818,1.0822354999982053,NVIDIA GeForce RTX 4080 Laptop GPU/PCIe/SSE2,08cbcb4555bd6df102e797b7c9d65460be0db21562fd33c6db4785c972d2901e,ecce4112bd9ca1ffb73189bae0451936525d03cd721bf42a7ec1a1e1d61cb93f,74d53a8eea5bdc3bf9f933ea30fe55985eb44b5a2120ec4657659e95a477acdf
composite81-uv-s3,measurement,81,-1,8,3000009,1024,160,100,8,1016,0.565326,0.5564232283464567,569.7773858267717,1.0703155000082916,NVIDIA GeForce RTX 4080 Laptop GPU/PCIe/SSE2,08cbcb4555bd6df102e797b7c9d65460be0db21562fd33c6db4785c972d2901e,ac04ad8910d904a91351101d4fbdf4cd5da032ce3e7159dd8b956223ec0c797c,c847469a6fce5fcc5d5c2ce076c23be592d4c11fe0a94bf43260b248d0c3444a
composite81-uv-s4,measurement,81,-1,8,4000012,1024,160,100,8,1016,0.6027180000000002,0.5932263779527561,607.4638110236223,1.103747299988754,NVIDIA GeForce RTX 4080 Laptop GPU/PCIe/SSE2,08cbcb4555bd6df102e797b7c9d65460be0db21562fd33c6db4785c972d2901e,be2c7dc3d447d0fce090930116652e2b52972fd671504667867cfeb59d0d41bc,3235ff01f0999b8d69f28cac6ca0e8d0cb856ef819563832b693589f817642f1
composite81-uv-s5,measurement,81,-1,8,5000015,1024,160,100,8,1016,0.5347670999999997,0.5263455708661414,538.9778645669288,1.037511499991524,NVIDIA GeForce RTX 4080 Laptop GPU/PCIe/SSE2,08cbcb4555bd6df102e797b7c9d65460be0db21562fd33c6db4785c972d2901e,4a37472a5511491c31067e540cae33c3f6a9a0c9a411f9764c384f314a9850c6,40e2e20ea36c4a0aebe37333b6da4c4925238971aef7a1180e961cade59b3548
composite81-uv-sphere-s0,measurement,81,-1,136,0,1024,160,100,8,1016,0.8790406999999997,0.8651975393700784,885.9622803149603,1.3834910000005038,NVIDIA GeForce RTX 4080 Laptop GPU/PCIe/SSE2,08cbcb4555bd6df102e797b7c9d65460be0db21562fd33c6db4785c972d2901e,4832424268b4f44e711957df7ffb3080faf25bcae534349a8d171fa375868fac,0ed7941ae4efcb911f73b3871af575ce8297dd08f6e35b30ace0aa34175238fb
composite81-uv-sphere-s1,measurement,81,-1,136,1000003,1024,160,100,8,1016,0.8868703000000011,0.8729038385826782,893.8535307086624,1.3925977000035346,NVIDIA GeForce RTX 4080 Laptop GPU/PCIe/SSE2,08cbcb4555bd6df102e797b7c9d65460be0db21562fd33c6db4785c972d2901e,fdc64c7ea2c2adff804a8b44abfa8e78097684b9de9db0f22be15d835f17a44b,938c65a874a97387ac3489d7bd857599677ddd09b7d6d65e62154e7a64e45ba1
composite81-uv-sphere-s2,measurement,81,-1,136,2000006,1024,160,100,8,1016,0.8158739999999991,0.8030255905511803,822.2982047244086,1.3184525999968173,NVIDIA GeForce RTX 4080 Laptop GPU/PCIe/SSE2,08cbcb4555bd6df102e797b7c9d65460be0db21562fd33c6db4785c972d2901e,57eaecc7f784974938486cccd21dd6b83956f0d2b8db7fba9fa5960a380d294e,d6153ab30157662b1079fd3bc20ec93d51fd1eb902d3e87bf30514d4eb5ebbb3
composite81-uv-sphere-s3,measurement,81,-1,136,3000009,1024,160,100,8,1016,0.8083800999999999,0.7956497047244094,814.7452976377953,1.2985618999955477,NVIDIA GeForce RTX 4080 Laptop GPU/PCIe/SSE2,08cbcb4555bd6df102e797b7c9d65460be0db21562fd33c6db4785c972d2901e,abc7c27dd44ab6be96c6632ec62f4a48af2f549615e9ef3f1bb206a0b935aa18,09a6bfa126ceb3636a22e64d7c138ec444b247fc1f3bf0adbe9dd9ee17946b67
composite81-uv-sphere-s4,measurement,81,-1,136,4000012,1024,160,100,8,1016,0.8796265999999996,0.8657742125984248,886.552793700787,1.4066006999928504,NVIDIA GeForce RTX 4080 Laptop GPU/PCIe/SSE2,08cbcb4555bd6df102e797b7c9d65460be0db21562fd33c6db4785c972d2901e,1a5a6f433b8d247ea757ebdbdcb9945febc24e8bd79c7faa20fbac943322b67b,9808544a7e9e381781aaaa8145a48a5ab98f8cfd1fd85968c9c898b2da4d95af
composite81-uv-sphere-s5,measurement,81,-1,136,5000015,1024,160,100,8,1016,0.8372321000000001,0.8240473425196853,843.8244787401577,1.375482200004626,NVIDIA GeForce RTX 4080 Laptop GPU/PCIe/SSE2,08cbcb4555bd6df102e797b7c9d65460be0db21562fd33c6db4785c972d2901e,a489be9b1c42f486057cfb61efad4930077e40f758590abdf983423db05de3d3,66886900ef260dbea7ee9558d73b1b5fc8b719dabe78c6d08b8622e6d237325a
composite82-six-s0,measurement,82,-1,3976,0,1024,160,100,8,1016,3.2083510999999993,3.157825885826771,3233.6137070866134,4.013959699994302,NVIDIA GeForce RTX 4080 Laptop GPU/PCIe/SSE2,08cbcb4555bd6df102e797b7c9d65460be0db21562fd33c6db4785c972d2901e,d186c111c22cc7353d94426385f52440d0831f496b2400aee5d6d682e4fc4d9e,ebd0e7515628604b9fd75555cd3b6f54bc06ce80cbf1991cc3f7355038e5a7b0
composite82-six-s1,measurement,82,-1,3976,1000003,1024,160,100,8,1016,2.894336200000001,2.8487561023622057,2917.1262488188986,3.416303499994683,NVIDIA GeForce RTX 4080 Laptop GPU/PCIe/SSE2,08cbcb4555bd6df102e797b7c9d65460be0db21562fd33c6db4785c972d2901e,0b8e5c6a3502ec6251e738948621f57a234f6718e3a4ecd9468f7b4adcb44aa4,aebaed30757b19a623932e135e3546eb1f88ca61dfb12c11f11e3c4c3d18808f
composite82-six-s2,measurement,82,-1,3976,2000006,1024,160,100,8,1016,2.9007748999999996,2.8550934055118105,2923.615647244094,3.4273144000035245,NVIDIA GeForce RTX 4080 Laptop GPU/PCIe/SSE2,08cbcb4555bd6df102e797b7c9d65460be0db21562fd33c6db4785c972d2901e,35a6d0310bc6e426b189fc23c42d00dc2636e97cdc5ee8c67b1e44cb3cd32a26,cbec75c7881f0d97af06bc8ae6619132fb453c95fca9354273d0bb24e98b6fc0
composite82-six-s3,measurement,82,-1,3976,3000009,1024,160,100,8,1016,2.8512572000000014,2.806355511811025,2873.7080440944897,3.379966799999238,NVIDIA GeForce RTX 4080 Laptop GPU/PCIe/SSE2,08cbcb4555bd6df102e797b7c9d65460be0db21562fd33c6db4785c972d2901e,823f4a7a98a51ea782c8391ff4a924d6e301e5e3c681584d0ab4207fb86e10c4,5997a867ef19e7f679a6432eb3ed2519072fc2fe7e6d59b487ae09531175f19d
composite82-six-s4,measurement,82,-1,3976,4000012,1024,160,100,8,1016,2.9387501000000027,2.892470570866144,2961.8898645669315,3.501978100000997,NVIDIA GeForce RTX 4080 Laptop GPU/PCIe/SSE2,08cbcb4555bd6df102e797b7c9d65460be0db21562fd33c6db4785c972d2901e,b71b3ac26d1f4060a28b8143e08b762b606987ce00c4a4be9d125ef6ffba0cf1,5ff8bcf9d19fa95db116212028a10386558c70e737b9cd18b96b29645bea197a
composite82-six-s5,measurement,82,-1,3976,5000015,1024,160,100,8,1016,2.631818099999997,2.5903721456692885,2652.5410771653515,3.17007539999031,NVIDIA GeForce RTX 4080 Laptop GPU/PCIe/SSE2,08cbcb4555bd6df102e797b7c9d65460be0db21562fd33c6db4785c972d2901e,99ec1e750bc8a05e205d6f93effb5c2869dc13d8bfccad1324847f8cc8a4c765,abb8c9c591be7847515b5daa5a71c249da7a811a97edd08272930c1ac41ea749
composite82-spins-s0,measurement,82,-1,896,0,1024,160,100,8,1016,1.1257499999999994,1.1080216535433065,1134.6141732283459,1.602578200006974,NVIDIA GeForce RTX 4080 Laptop GPU/PCIe/SSE2,08cbcb4555bd6df102e797b7c9d65460be0db21562fd33c6db4785c972d2901e,dbac11b5d0f364892f00cb99df6507b3ac0ea7d3d765ecb74ace67d47736a8d6,13d3ae2c98e9b6d36c22499722f49226e2675b13578e86b8d4cdbb44f41eb102
composite82-spins-s1,measurement,82,-1,896,1000003,1024,160,100,8,1016,1.3143582,1.2936596456692915,1324.7074771653545,1.8104367000050843,NVIDIA GeForce RTX 4080 Laptop GPU/PCIe/SSE2,08cbcb4555bd6df102e797b7c9d65460be0db21562fd33c6db4785c972d2901e,e41d1965da658f0a177a4568be14b398eed23297b6bd716d663575e8c30755e2,0f9332b9c3df4d5686f843d4d5b479a3e1e9d5c560a14055caf1725ab76db896
composite82-spins-s2,measurement,82,-1,896,2000006,1024,160,100,8,1016,1.3367033000000026,1.3156528543307113,1347.2285228346484,1.8862641000014264,NVIDIA GeForce RTX 4080 Laptop GPU/PCIe/SSE2,08cbcb4555bd6df102e797b7c9d65460be0db21562fd33c6db4785c972d2901e,3465d34b42e58a2d12d06a5ecdc80895a4522a0f7163688499cd9f360707f42b,61569f62f678df1ca3f9c1e64695484be39061e0c85810c68b479f21121db475
composite82-spins-s3,measurement,82,-1,896,3000009,1024,160,100,8,1016,1.2882577,1.2679701771653542,1298.4014614173227,1.8344880000076955,NVIDIA GeForce RTX 4080 Laptop GPU/PCIe/SSE2,08cbcb4555bd6df102e797b7c9d65460be0db21562fd33c6db4785c972d2901e,bb3eb063ee2102729739c618f7ea03e166f76af7c18f219d5f297c9d30d22b45,ed24aaed88345a731d09731c8c89773d5f890e88757fcb771f68018a1975da2c
composite82-spins-s4,measurement,82,-1,896,4000012,1024,160,100,8,1016,1.282395699999999,1.2622004921259833,1292.4933039370069,1.8256041999993613,NVIDIA GeForce RTX 4080 Laptop GPU/PCIe/SSE2,08cbcb4555bd6df102e797b7c9d65460be0db21562fd33c6db4785c972d2901e,d6796ee55a634e6dd5b6f7570437f6490804581efce91fcc7e60fb3447709add,26c647d7399566c211e2449988eb25350f1ea98701b5109adb03c732eadf7f31
composite82-spins-s5,measurement,82,-1,896,5000015,1024,160,100,8,1016,1.2536014000000002,1.2338596456692916,1263.4722771653546,1.766893899999559,NVIDIA GeForce RTX 4080 Laptop GPU/PCIe/SSE2,08cbcb4555bd6df102e797b7c9d65460be0db21562fd33c6db4785c972d2901e,71a7bc075043781a02155a8c449051f4e88187faf16b285501ff587b4910f91d,6b0ecfa1cfe5cc713d224cbe1ea7730ad9611a661ca0089f76429af14aa72d8c
composite82-uv-s0,measurement,82,-1,8,0,1024,160,100,8,1016,1.0840879000000003,1.0670156496062995,1092.6240251968507,1.6636006999906385,NVIDIA GeForce RTX 4080 Laptop GPU/PCIe/SSE2,08cbcb4555bd6df102e797b7c9d65460be0db21562fd33c6db4785c972d2901e,b82fd49d51aebcafffee14e268f3a784d6d1414975bb510c9dc629c2aaf85aee,013aea1c71908f0dadaac07c5552bfc9bd9e6a60d59dd57ccd737f4fa9f9d5f6
composite82-uv-s1,measurement,82,-1,8,1000003,1024,160,100,8,1016,1.1018352999999992,1.0844835629921252,1110.5111685039362,1.5910044000047492,NVIDIA GeForce RTX 4080 Laptop GPU/PCIe/SSE2,08cbcb4555bd6df102e797b7c9d65460be0db21562fd33c6db4785c972d2901e,e081f44f522fc35cc6e42e477446f8e077dad55c78510a767e52af76baa8fe68,e80f5f15bfba99d0f3b5ba849efdd8a745fafd307ba7649d72d27e76740a37a0
composite82-uv-s2,measurement,82,-1,8,2000006,1024,160,100,8,1016,1.0850614999999997,1.0679739173228342,1093.6052913385822,1.6427183000050718,NVIDIA GeForce RTX 4080 Laptop GPU/PCIe/SSE2,08cbcb4555bd6df102e797b7c9d65460be0db21562fd33c6db4785c972d2901e,ff608e46cde8c1598b6fedd3a9af33a236fd7af84312739bc10ec6dcb1d2c758,881ea15a082b31edd1d17f4b81059ecc2a60e7aba4797c7710967ec745ebebd0
composite82-uv-s3,measurement,82,-1,8,3000009,1024,160,100,8,1016,0.9404199000000009,0.9256101377952765,947.8247811023631,1.508959099999629,NVIDIA GeForce RTX 4080 Laptop GPU/PCIe/SSE2,08cbcb4555bd6df102e797b7c9d65460be0db21562fd33c6db4785c972d2901e,a038e005160a1e0d586f5115c2bfd050a6c5a9b5cafa5b34bd6fe67fa17f96e7,e314c0a2edb675b0a1dd2954ff301cb33b0da9c1a019a926cb4aea8d478d75f0
composite82-uv-s4,measurement,82,-1,8,4000012,1024,160,100,8,1016,1.201620099999999,1.1826969488188968,1211.0816755905503,1.7303571999946143,NVIDIA GeForce RTX 4080 Laptop GPU/PCIe/SSE2,08cbcb4555bd6df102e797b7c9d65460be0db21562fd33c6db4785c972d2901e,a6e96994df5ce44f4c712dc2103c22c02520576e3fbd53dfdaf86cf29dbab29c,46458ca315ef603c2cada98df4cd74c219f27619f153c2ca78c535e04a358d25
composite82-uv-s5,measurement,82,-1,8,5000015,1024,160,100,8,1016,1.0140031999999999,0.9980346456692912,1021.9874771653542,1.5363383999938378,NVIDIA GeForce RTX 4080 Laptop GPU/PCIe/SSE2,08cbcb4555bd6df102e797b7c9d65460be0db21562fd33c6db4785c972d2901e,f52f4974af11b410f4b71424efb6e759de306f2f152846cae44c8364ca93266b,b881f279bb278e5a44d1d468a8f2d7f1873c4d347b039186306dca417b8e5c56
composite82-uv-sphere-s0,measurement,82,-1,136,0,1024,160,100,8,1016,1.3565901000000016,1.3352264763779542,1367.2719118110251,1.8590927999903215,NVIDIA GeForce RTX 4080 Laptop GPU/PCIe/SSE2,08cbcb4555bd6df102e797b7c9d65460be0db21562fd33c6db4785c972d2901e,04708688f8a848c913f31141c6d32ac9c7ab54002dfd0baf38ee93c5ce86e6dc,c291999bb6b7d7023f7fc7dabc245c8ddf1d70612c48cbc5f01489c9f5adc05d
composite82-uv-sphere-s1,measurement,82,-1,136,1000003,1024,160,100,8,1016,1.3109785000000014,1.2903331692913398,1321.301165354332,1.856774099986069,NVIDIA GeForce RTX 4080 Laptop GPU/PCIe/SSE2,08cbcb4555bd6df102e797b7c9d65460be0db21562fd33c6db4785c972d2901e,c977889d0ce3bbbcc3fa90fc61b07be4bedbbbcfd423df8c991b74915f990e75,2933591110d4898327bfa6299f8d700b26c49b26665d8341aa5e8b8730886d96
composite82-uv-sphere-s2,measurement,82,-1,136,2000006,1024,160,100,8,1016,1.2152347000000003,1.1960971456692917,1224.8034771653547,1.7107173999975203,NVIDIA GeForce RTX 4080 Laptop GPU/PCIe/SSE2,08cbcb4555bd6df102e797b7c9d65460be0db21562fd33c6db4785c972d2901e,0237ebccc9269be6d3fd45bf2fa3f0b383097c365827a0cd1013cbdbe36933db,5b048be5e5e463824b5b25655d02468b6334f3ae1eda52b579fb3a9bd68e2fc7
composite82-uv-sphere-s3,measurement,82,-1,136,3000009,1024,160,100,8,1016,1.2076391,1.1886211614173228,1217.1480692913385,1.7638251000025775,NVIDIA GeForce RTX 4080 Laptop GPU/PCIe/SSE2,08cbcb4555bd6df102e797b7c9d65460be0db21562fd33c6db4785c972d2901e,1c130815a1ec7ee503475023c3dd5c2c320aef2337e6fef9a8a60341c56bac12,3945673ae5651915e735e035fe129d196fc46cf33b84696d4a79d6942e522113
composite82-uv-sphere-s4,measurement,82,-1,136,4000012,1024,160,100,8,1016,1.3455412999999996,1.324351673228346,1356.1361133858263,1.8615180000051623,NVIDIA GeForce RTX 4080 Laptop GPU/PCIe/SSE2,08cbcb4555bd6df102e797b7c9d65460be0db21562fd33c6db4785c972d2901e,fdadb5161a8d46a382ef0a0630520ad3643bfee55385be2d685c4fbbe1a392ed,ef1d08523d448f7b5caa2e3a9699d46e6bf731bf66555a83dea53769bdb1eed9
composite82-uv-sphere-s5,measurement,82,-1,136,5000015,1024,160,100,8,1016,1.2960356999999998,1.2756256889763777,1306.2407055118108,1.8160028000129387,NVIDIA GeForce RTX 4080 Laptop GPU/PCIe/SSE2,08cbcb4555bd6df102e797b7c9d65460be0db21562fd33c6db4785c972d2901e,d8f877ed0a4e2f198ab4abcb64d108d0d067b1ca4ca144ba8dc76aab173b0bd6,5eef01ec1c336e25ff47d7685204ac269b7fdc638c3eacc7f269eb116d5d5647
pilot-p80,pilot,80,-1,3976,0,32,400,250,8,24,0.2961621,12.340087500000001,394.88280000000003,0.9885293999977876,NVIDIA GeForce RTX 4080 Laptop GPU/PCIe/SSE2,08cbcb4555bd6df102e797b7c9d65460be0db21562fd33c6db4785c972d2901e,411d89c2073a640c7e9fa19a98091e494b2bc0fa48f4cdf3e36b24e0c92b9e46,fa3dd6eb33526beb738a2fd27176ba4aec7c7ec5315623288ac8a2f765578ba2
pilot-p81,pilot,81,-1,3976,0,32,400,250,8,24,0.29970250000000004,12.487604166666669,399.6033333333334,0.8035844999976689,NVIDIA GeForce RTX 4080 Laptop GPU/PCIe/SSE2,08cbcb4555bd6df102e797b7c9d65460be0db21562fd33c6db4785c972d2901e,cd762cde5c018f504dae25be471a57eaf194e78aa818032e018b52d3529acc7e,ac212f89829e6f082b7ad02bd8b4ba8473eb4bd302f2fe1f847ca3b233cf343b
pilot-p82,pilot,82,-1,3976,0,32,400,250,8,24,0.3715163,15.479845833333334,495.3550666666667,0.9110748000093736,NVIDIA GeForce RTX 4080 Laptop GPU/PCIe/SSE2,08cbcb4555bd6df102e797b7c9d65460be0db21562fd33c6db4785c972d2901e,5e742064116dd9aabb6b7480c7081b8c2a27700c9ff577beb6e23c7a7add02ae,6ae8eec3ec300f1a28a79e0ee6f1f80d4e4a135215bdeb9a74b734015790d6b5
pilot-probe-m128,pilot,82,8,128,0,64,160,100,8,56,0.0194651,0.34759107142857143,22.24582857142857,0.41562379999959376,NVIDIA GeForce RTX 4080 Laptop GPU/PCIe/SSE2,08cbcb4555bd6df102e797b7c9d65460be0db21562fd33c6db4785c972d2901e,0517173b97bd020a606436ab9215ce50f080bdab68f35afc749b3f0a1ebdb49c,db4e63d390ce3b0c370302b6120622fa99ebf7ed005114fdf5d0cfbcd4051762
pilot-probe-m136,pilot,82,8,136,0,64,160,100,8,56,0.028849599999999993,0.5151714285714284,32.97097142857142,0.38830809999490157,NVIDIA GeForce RTX 4080 Laptop GPU/PCIe/SSE2,08cbcb4555bd6df102e797b7c9d65460be0db21562fd33c6db4785c972d2901e,e13e81770b1df238108aa079448c005c7241ed5786adfe8675785c121d1366df,45966b8b22af52fce032bf88d4dad0ddd1294fdd70f9dfc5278021d5478ad691
pilot-probe-m8,pilot,82,8,8,0,64,160,100,8,56,0.020882599999999994,0.3729035714285713,23.865828571428562,0.6751022000098601,NVIDIA GeForce RTX 4080 Laptop GPU/PCIe/SSE2,08cbcb4555bd6df102e797b7c9d65460be0db21562fd33c6db4785c972d2901e,c9fd52747f3b856b1c0a3152cf2fdf317a4f343c0c1c532291bf16d5fe05edee,67668fe66eb604cc36106393927fc3f6b16229792e98815ee218495b3db6ff24
pilot-probe-m896,pilot,82,8,896,0,64,160,100,8,56,0.040456900000000004,0.7224446428571429,46.23645714285715,0.39182269999582786,NVIDIA GeForce RTX 4080 Laptop GPU/PCIe/SSE2,08cbcb4555bd6df102e797b7c9d65460be0db21562fd33c6db4785c972d2901e,de575d630f0cdb0c603e98202681201bb1101f113b70513aa83f1cf5e937acb1,72e558f2014835abb4b5c442d4226a2e0815b842923ea71ff1061c9165a2f758
probe0-planes-s0,measurement,82,0,3080,0,1024,160,100,8,1016,0.5003102999999998,0.49243139763779503,504.2497511811021,1.052003100005095,NVIDIA GeForce RTX 4080 Laptop GPU/PCIe/SSE2,08cbcb4555bd6df102e797b7c9d65460be0db21562fd33c6db4785c972d2901e,cbe714ee0e92d3c1d9764a895330508f5500083187c7e78eb200c133694a5ed4,4b16ecba030c1ca84b04c6e9d4157297c8d91a08617b5509f15960bf244bb19c
probe0-planes-s1,measurement,82,0,3080,1000003,1024,160,100,8,1016,0.5269427000000002,0.5186443897637797,531.0918551181104,1.0396504999953322,NVIDIA GeForce RTX 4080 Laptop GPU/PCIe/SSE2,08cbcb4555bd6df102e797b7c9d65460be0db21562fd33c6db4785c972d2901e,203d6a87054d65f4ea668e5650d686dcabda463c5943f0226e6a62efd4b5eb63,4d63381be43cd7f64d4b8a7018b3af3e52d14afcd5ede8a9ea8c00c96902d0c6
probe0-planes-s2,measurement,82,0,3080,2000006,1024,160,100,8,1016,0.5073106000000004,0.4993214566929137,511.30517165354365,0.9872043000068516,NVIDIA GeForce RTX 4080 Laptop GPU/PCIe/SSE2,08cbcb4555bd6df102e797b7c9d65460be0db21562fd33c6db4785c972d2901e,94bf69b7187620db2164c847b284ffed7f416490f83b39c9bff810d6fee8f912,1d7b61b27098176db72911d70b9ec27c111b44263670b02bb81597c7d748ad15
probe0-planes-s3,measurement,82,0,3080,3000009,1024,160,100,8,1016,0.46284119999999923,0.4555523622047236,466.485618897637,0.9635286999982782,NVIDIA GeForce RTX 4080 Laptop GPU/PCIe/SSE2,08cbcb4555bd6df102e797b7c9d65460be0db21562fd33c6db4785c972d2901e,0e33dba8119ae14c5801dc4c3c3fe9b5e379d9dcd1ef3c735d5180879704b185,3680b6c5ee301accc5d80df2b9287909ff74e9be2b1cfbbbf69f2ebb2213d004
probe0-planes-s4,measurement,82,0,3080,4000012,1024,160,100,8,1016,0.49637679999999995,0.488559842519685,500.2852787401574,0.9960859999991953,NVIDIA GeForce RTX 4080 Laptop GPU/PCIe/SSE2,08cbcb4555bd6df102e797b7c9d65460be0db21562fd33c6db4785c972d2901e,406d57edfea9ce57af37df37cf3f2ba4e81007bf655f2352d1aac0b94d32c728,1625a2112188592748b40ebff78498c2a4a19a56977d04214c79320a4c40fad7
probe0-planes-s5,measurement,82,0,3080,5000015,1024,160,100,8,1016,0.49618320000000005,0.48836929133858276,500.09015433070874,1.0365386000048602,NVIDIA GeForce RTX 4080 Laptop GPU/PCIe/SSE2,08cbcb4555bd6df102e797b7c9d65460be0db21562fd33c6db4785c972d2901e,d30803dec8e0ed8e4f1404a5b5a08b67ae2ec56cb3119697fdd22a899e8cb26e,34d647746c782d489e24f16e5406f744f7210a21fd88e16464df7b6c48ee1f0f
probe0-six-s0,measurement,82,0,3976,0,1024,160,100,8,1016,1.3861307000000016,1.3643018700787417,1397.0451149606315,1.9503866000013659,NVIDIA GeForce RTX 4080 Laptop GPU/PCIe/SSE2,08cbcb4555bd6df102e797b7c9d65460be0db21562fd33c6db4785c972d2901e,0524955bbed07ac9afb295d6ae9d6354ff44c7f09d128de9d85332f7a0ecccab,ef4fd3931b697efc42e284d41b2f04eac71535ec8c368c3907d892c968779a73
probe0-six-s1,measurement,82,0,3976,1000003,1024,160,100,8,1016,1.4043074000000029,1.3821923228346484,1415.36493858268,1.9758004000032088,NVIDIA GeForce RTX 4080 Laptop GPU/PCIe/SSE2,08cbcb4555bd6df102e797b7c9d65460be0db21562fd33c6db4785c972d2901e,8adcb485e21eacbebae81fb9a9b743c5b0c6c4d6af3c7bf62956a7f68a7cfe6b,189675e0641572136aa373f18aa2689f087d671528d31ff879b4ec7330656734
probe0-six-s2,measurement,82,0,3976,2000006,1024,160,100,8,1016,1.343657099999999,1.3224971456692904,1354.2370771653534,1.8629539999965345,NVIDIA GeForce RTX 4080 Laptop GPU/PCIe/SSE2,08cbcb4555bd6df102e797b7c9d65460be0db21562fd33c6db4785c972d2901e,04434fb0d26c819f5c9f5813312e90d91719bde37dd88974b5c78382030a4ee5,bc12ea66fe64de79614cb61f329b2f5df82832424597d89fd2a3ca4443962fd5
probe0-six-s3,measurement,82,0,3976,3000009,1024,160,100,8,1016,1.4021149000000022,1.380034350393703,1413.1551748031518,1.9728180000092834,NVIDIA GeForce RTX 4080 Laptop GPU/PCIe/SSE2,08cbcb4555bd6df102e797b7c9d65460be0db21562fd33c6db4785c972d2901e,b38b4bc310a4764040a94a05acf43103a996a831781800ee7bc61b9d7fb74391,67a2535377675c6d5a49b95358f9fa25e66faf4d41ac8fa89a5a36155ddae2fc
probe0-six-s4,measurement,82,0,3976,4000012,1024,160,100,8,1016,1.3753136000000008,1.353655118110237,1386.1428409448827,1.907675599999493,NVIDIA GeForce RTX 4080 Laptop GPU/PCIe/SSE2,08cbcb4555bd6df102e797b7c9d65460be0db21562fd33c6db4785c972d2901e,06a5074800ff081630ffb096ba18f33d7ba16a1b691d786748543572c5220026,4383ef14c13afceb9654cf1bc0c945e6b85f245a5555e36cdaa10161908f9fa2
probe0-six-s5,measurement,82,0,3976,5000015,1024,160,100,8,1016,1.3499462000000009,1.3286872047244103,1360.575697637796,1.867164600000251,NVIDIA GeForce RTX 4080 Laptop GPU/PCIe/SSE2,08cbcb4555bd6df102e797b7c9d65460be0db21562fd33c6db4785c972d2901e,f58046c1f57150dfa7cdf6c03a2150896a9469c6e0b96cd51f4c33b48e5a630a,7e846842f2e8f9c394c50152f1f694b87271a97eb5d1eb018130a11bc50abfd0
probe0-sphere-s0,measurement,82,0,128,0,1024,160,100,8,1016,0.4329674999999994,0.42614911417322776,436.3766929133852,0.9082471000001533,NVIDIA GeForce RTX 4080 Laptop GPU/PCIe/SSE2,08cbcb4555bd6df102e797b7c9d65460be0db21562fd33c6db4785c972d2901e,9b6659bb6f143282f775ba0890c0bcddd78c681c0d0966ed44191823537eba30,306de442e1180856474e8e70b774f5d420510d9cb024535714e8e0d1fb27246c
probe0-sphere-s1,measurement,82,0,128,1000003,1024,160,100,8,1016,0.4148333000000001,0.40830049212598435,418.099703937008,0.9558060999988811,NVIDIA GeForce RTX 4080 Laptop GPU/PCIe/SSE2,08cbcb4555bd6df102e797b7c9d65460be0db21562fd33c6db4785c972d2901e,3da8ed4f114ed681710f3266ef36c1a54e46c4838a1eebe90b8989ca1f2ae0e4,e9fdcc25a6604bea546777817811b2ccf0b9ed73577d95f272a534408da5b04e
probe0-sphere-s2,measurement,82,0,128,2000006,1024,160,100,8,1016,0.41448890000000005,0.4079615157480316,417.75259212598434,0.9103164000116521,NVIDIA GeForce RTX 4080 Laptop GPU/PCIe/SSE2,08cbcb4555bd6df102e797b7c9d65460be0db21562fd33c6db4785c972d2901e,a9ece69af069f714e70da11aacdacb9c87bd512a1f0e5a5dee758d4a5d0209fe,bf24c321ab7efc3abbadd928d540c3a953f88e3af472b57b1b7c5670cf728ac0
probe0-sphere-s3,measurement,82,0,128,3000009,1024,160,100,8,1016,0.4236941000000001,0.417021751968504,427.0302740157481,0.9022763999964809,NVIDIA GeForce RTX 4080 Laptop GPU/PCIe/SSE2,08cbcb4555bd6df102e797b7c9d65460be0db21562fd33c6db4785c972d2901e,188b24a863dc996c1dd39162606ff69018af49721fba0a7a55ecd5a8de1ae0a6,11e2ae1741af00cf52f41cbd355c13394726710aa0820f1d783eb648a83a2b24
probe0-sphere-s4,measurement,82,0,128,4000012,1024,160,100,8,1016,0.4212290000000003,0.41459547244094513,424.5457637795278,0.9163159000017913,NVIDIA GeForce RTX 4080 Laptop GPU/PCIe/SSE2,08cbcb4555bd6df102e797b7c9d65460be0db21562fd33c6db4785c972d2901e,68855b1c84c9c5a8182c5e96666ec05bdaa24eced9b5259cb912ea0ae3d23897,b8f6abd51ea5f0a6f89d9be14095131365c30b4dc562d8a66656ab8c4dd4c30b
probe0-sphere-s5,measurement,82,0,128,5000015,1024,160,100,8,1016,0.40972330000000057,0.4032709645669297,412.949467716536,0.9133282000111649,NVIDIA GeForce RTX 4080 Laptop GPU/PCIe/SSE2,08cbcb4555bd6df102e797b7c9d65460be0db21562fd33c6db4785c972d2901e,23ef847957a37c21ce519d97fd7339ed02684997c6e61b67dccb096f2e5561eb,74155b753cc92f6d124c4fee7777e00e037ab715db35096447f5f2ce2dc17eac
probe0-spins-s0,measurement,82,0,896,0,1024,160,100,8,1016,0.9374614000000001,0.9226982283464569,944.8429858267718,1.4342954000021564,NVIDIA GeForce RTX 4080 Laptop GPU/PCIe/SSE2,08cbcb4555bd6df102e797b7c9d65460be0db21562fd33c6db4785c972d2901e,eb44ddb3b410f51ceb674f9ac8a8b5537c676d6cbdabf235668f8fc6ab71a593,491cf266432c5c2790bfbf0a1f2602c972d83a2bbcfe2869c8729c136286bb75
probe0-spins-s1,measurement,82,0,896,1000003,1024,160,100,8,1016,0.9825272000000012,0.9670543307086625,990.2636346456704,1.5094845999992685,NVIDIA GeForce RTX 4080 Laptop GPU/PCIe/SSE2,08cbcb4555bd6df102e797b7c9d65460be0db21562fd33c6db4785c972d2901e,14dd5e32a6fd1466c19fde37d215f89b4837d2e73a1bc608b967437e0c53891c,cbbaaf79aa3662e849789949c56070b600a5fb1991451e22e78a4b881e19d4d0
probe0-spins-s2,measurement,82,0,896,2000006,1024,160,100,8,1016,1.0244095999999983,1.0082771653543292,1032.475817322833,1.6264724999928148,NVIDIA GeForce RTX 4080 Laptop GPU/PCIe/SSE2,08cbcb4555bd6df102e797b7c9d65460be0db21562fd33c6db4785c972d2901e,d826ec7f4510ffd4c02a3b259012d2d9f86208ceb7be98960b1c71d5c5be03f4,01d1eac3e128a27d6734ea9b33f7f307c9d522dd871e693e360e2574307e4326
probe0-spins-s3,measurement,82,0,896,3000009,1024,160,100,8,1016,0.9931082999999994,0.9774687992125979,1000.9280503937002,1.502144700003555,NVIDIA GeForce RTX 4080 Laptop GPU/PCIe/SSE2,08cbcb4555bd6df102e797b7c9d65460be0db21562fd33c6db4785c972d2901e,73f85dc1777e44295416a355828f93d3ec849c371d5f2d57267182cdca86a0d9,3647780128dfd560d6748461e8eddca74961637dac8f8321ca3a17a2ccaecf6f
probe0-spins-s4,measurement,82,0,896,4000012,1024,160,100,8,1016,1.0138351000000012,0.997869192913387,1021.8180535433083,1.5585516999999527,NVIDIA GeForce RTX 4080 Laptop GPU/PCIe/SSE2,08cbcb4555bd6df102e797b7c9d65460be0db21562fd33c6db4785c972d2901e,0436b25d7e7a547bb1a24649314d76173eb53d956a3ec41ac8f24e4910011586,5da09833e9fc5497f5e00232b423a2d00ad82aa1470368ce9426bf42470f600a
probe0-spins-s5,measurement,82,0,896,5000015,1024,160,100,8,1016,1.011103599999999,0.9951807086614165,1019.0650456692905,1.5286994999914896,NVIDIA GeForce RTX 4080 Laptop GPU/PCIe/SSE2,08cbcb4555bd6df102e797b7c9d65460be0db21562fd33c6db4785c972d2901e,b24488ab2d13a2620b7c493afa589e1ee9df5f217082e24f4ddbd1e89c18cb96,a11207646f3cc033e65b736b175b10b82bade71c6ce2bd2a976d89a21168e090
probe0-ut-s0,measurement,82,0,1024,0,1024,160,100,8,1016,0.37022780000000033,0.36439744094488224,373.1429795275594,0.9067910000012489,NVIDIA GeForce RTX 4080 Laptop GPU/PCIe/SSE2,08cbcb4555bd6df102e797b7c9d65460be0db21562fd33c6db4785c972d2901e,8f38fc4c7f4119656c430ab6a64bbcf74a7e8a4a16159845919c21a56fa604c0,62422042086d115b95249628c14a6b43ea7d539fcaabac16fa8bd1fda82afe11
probe0-ut-s1,measurement,82,0,1024,1000003,1024,160,100,8,1016,0.3507800000000001,0.3452559055118111,353.5420472440946,0.8421916999941459,NVIDIA GeForce RTX 4080 Laptop GPU/PCIe/SSE2,08cbcb4555bd6df102e797b7c9d65460be0db21562fd33c6db4785c972d2901e,6a4123b0f8570b5029d336075a33dddb2ab8257dc9a25c3394e68a3d65a47257,0d78a3ccc2978553efb9d113aabeedecd3cfb36f1989ee6e99b7c671dcc2d45c
probe0-ut-s2,measurement,82,0,1024,2000006,1024,160,100,8,1016,0.35964500000000055,0.35398129921259897,362.47685039370134,1.1176964999904158,NVIDIA GeForce RTX 4080 Laptop GPU/PCIe/SSE2,08cbcb4555bd6df102e797b7c9d65460be0db21562fd33c6db4785c972d2901e,9cbc7a84abc42078bc89192bbe02374542f30b161636aeda5582d4f781c136c7,4faf5c0187a440ab13a3c81f850648b1c433bc592f9077e5e07eb9714363a046
probe0-ut-s3,measurement,82,0,1024,3000009,1024,160,100,8,1016,0.3486951000000002,0.34320383858267733,351.4407307086616,0.8251853999972809,NVIDIA GeForce RTX 4080 Laptop GPU/PCIe/SSE2,08cbcb4555bd6df102e797b7c9d65460be0db21562fd33c6db4785c972d2901e,e270ea81dca1510bd9a5319349b5f58f444e43ebb285ca919cbb0928543ebf60,f8bb3459dbccb8e0d36e23fdd187c566721aa5af3eb434f1fc1e1316a9f5a833
probe0-ut-s4,measurement,82,0,1024,4000012,1024,160,100,8,1016,0.3875956000000003,0.3814917322834649,390.64753385826805,0.864108199995826,NVIDIA GeForce RTX 4080 Laptop GPU/PCIe/SSE2,08cbcb4555bd6df102e797b7c9d65460be0db21562fd33c6db4785c972d2901e,0071873fe8bcd171405f6fdf2270eb364a6da201fdd7dfd443665ec1bbf367d9,cc5ec9ac7af01dd408f5f9551792bb861727787b3f796f12c69304519cb935ce
probe0-ut-s5,measurement,82,0,1024,5000015,1024,160,100,8,1016,0.3637701,0.358041437007874,366.634431496063,0.8556512000068324,NVIDIA GeForce RTX 4080 Laptop GPU/PCIe/SSE2,08cbcb4555bd6df102e797b7c9d65460be0db21562fd33c6db4785c972d2901e,7a5d866d225617f157f3d42eee3d33a2d8443ddea415ee7a0d8fc9f36cc0f691,52a01e3ed8d851fe93e3cbf7ba98028cc8e43fe9f50ba52ef6680e32c63ad802
probe0-uv-s0,measurement,82,0,8,0,1024,160,100,8,1016,0.3541464,0.34856929133858267,356.93495433070865,0.8808388000034029,NVIDIA GeForce RTX 4080 Laptop GPU/PCIe/SSE2,08cbcb4555bd6df102e797b7c9d65460be0db21562fd33c6db4785c972d2901e,7046d24e0a6295d0ee22d17e25a4321a38bd7efed1c8431d6c244f7694c18106,7d55dc5b1bafcc91ac3b34ba42ad723215304859a565a6bf7d089ee58d03642c
probe0-uv-s1,measurement,82,0,8,1000003,1024,160,100,8,1016,0.35506240000000006,0.34947086614173234,357.8581669291339,0.8337739999988116,NVIDIA GeForce RTX 4080 Laptop GPU/PCIe/SSE2,08cbcb4555bd6df102e797b7c9d65460be0db21562fd33c6db4785c972d2901e,1678a39b5b25d7942acd4fcf91ca79b1cb9db1ce2847d1c0326b692f08b42102,ab87c017f2da82af426032ae8022dd13e67b187859e884f68b72524d0792137b
probe0-uv-s2,measurement,82,0,8,2000006,1024,160,100,8,1016,0.37055280000000035,0.364717322834646,373.4705385826775,0.8913469999970403,NVIDIA GeForce RTX 4080 Laptop GPU/PCIe/SSE2,08cbcb4555bd6df102e797b7c9d65460be0db21562fd33c6db4785c972d2901e,5c67e60bf246ac39f07556eaa470aba675c842f4051625e4622a979f8ceaa900,1ef3f574e494bca24caa007141bb4a7b51487b866ce7876ce04df238dc3fd348
probe0-uv-s3,measurement,82,0,8,3000009,1024,160,100,8,1016,0.3218317999999998,0.31676358267716515,324.3659086614171,0.8230292999942321,NVIDIA GeForce RTX 4080 Laptop GPU/PCIe/SSE2,08cbcb4555bd6df102e797b7c9d65460be0db21562fd33c6db4785c972d2901e,c461e2f80ef487354a68d653a573a6b75d50b5d742711a9390005793dd338632,732172d875c9ab63825c1399ce604da26532fe464475cc4c4dede0b67446241b
probe0-uv-s4,measurement,82,0,8,4000012,1024,160,100,8,1016,0.34741820000000023,0.34194704724409475,350.153776377953,0.8736957000073744,NVIDIA GeForce RTX 4080 Laptop GPU/PCIe/SSE2,08cbcb4555bd6df102e797b7c9d65460be0db21562fd33c6db4785c972d2901e,6e40083b07739f45fa2273863e5410061f1919de6d8e2b17948d8a24f5bfcfae,972b043c66f21b6652fc20e1e0c9edf89ef9a2aaf118f0e6bec523bdd98e306e
probe0-uv-s5,measurement,82,0,8,5000015,1024,160,100,8,1016,0.3442905000000008,0.3388686023622055,347.00144881889844,0.8384615999966627,NVIDIA GeForce RTX 4080 Laptop GPU/PCIe/SSE2,08cbcb4555bd6df102e797b7c9d65460be0db21562fd33c6db4785c972d2901e,681a320c5f655d39115fee2f3e29689bf214ecdb3a209665caf3ab44bff51b4f,5d50b1ab55daea215537f659961fc9a6eabc37037ecc5b838da1fe4b50907d67
probe0-uv-sphere-s0,measurement,82,0,136,0,1024,160,100,8,1016,0.6038864000000004,0.5943763779527562,608.6414110236224,1.1832270999875618,NVIDIA GeForce RTX 4080 Laptop GPU/PCIe/SSE2,08cbcb4555bd6df102e797b7c9d65460be0db21562fd33c6db4785c972d2901e,78304126fd74a59bb11e7cd3adf9fbab792a08df5a886077e8cec265d0333be6,74e96b7cf240c54e7a8648a003d338fe6d3df50918d4a44e95977ee2c09df8ff
probe0-uv-sphere-s1,measurement,82,0,136,1000003,1024,160,100,8,1016,0.5594581999999998,0.5506478346456691,563.8633826771652,1.090624000004027,NVIDIA GeForce RTX 4080 Laptop GPU/PCIe/SSE2,08cbcb4555bd6df102e797b7c9d65460be0db21562fd33c6db4785c972d2901e,3674d817273a78a7a85832b48f826e2f6fccdf81abbff86e1a62c7a094c35d2b,d582a5996c7fa472bb90ab8cc885964d999fdd0e1635da92e18d87c653d3ec9b
probe0-uv-sphere-s2,measurement,82,0,136,2000006,1024,160,100,8,1016,0.5342386000000003,0.5258253937007877,538.4452031496066,1.0364743000100134,NVIDIA GeForce RTX 4080 Laptop GPU/PCIe/SSE2,08cbcb4555bd6df102e797b7c9d65460be0db21562fd33c6db4785c972d2901e,b2ff1dab9481f87df1430baa93a2cc73ef713953e0eb5e13b62adf4ef2cddeaf,6c670a002d79897639654373e26ee6e35e6c8cd66dc41c8ca2d76b3051863f5a
probe0-uv-sphere-s3,measurement,82,0,136,3000009,1024,160,100,8,1016,0.5810106000000003,0.5718608267716538,585.5854866141735,1.4858592999953544,NVIDIA GeForce RTX 4080 Laptop GPU/PCIe/SSE2,08cbcb4555bd6df102e797b7c9d65460be0db21562fd33c6db4785c972d2901e,be199ab25ddec563010fd107156f96ec31c66925bf8a2d404b0dce356e00df4f,5947cedf9578439bcc80c5e04ae74bb8367a853b95c493d3ffa8caeff39837c3
probe0-uv-sphere-s4,measurement,82,0,136,4000012,1024,160,100,8,1016,0.5841279999999986,0.5749291338582664,588.7274330708648,1.1133372000040254,NVIDIA GeForce RTX 4080 Laptop GPU/PCIe/SSE2,08cbcb4555bd6df102e797b7c9d65460be0db21562fd33c6db4785c972d2901e,717cd41e21614fed52d90f59f782ae378bf399d983909fc4474012e0d10e8fa9,5c7d57d0add3f7c1c980eb657b68b8a0519cdab113faa025568e208aaf9c8b45
probe0-uv-sphere-s5,measurement,82,0,136,5000015,1024,160,100,8,1016,0.5649156000000006,0.5560192913385833,569.3637543307093,1.0813913000019966,NVIDIA GeForce RTX 4080 Laptop GPU/PCIe/SSE2,08cbcb4555bd6df102e797b7c9d65460be0db21562fd33c6db4785c972d2901e,2095e9ce6fb6644e8a6a16f0459454a75db798cea8250abdc6c7c1a3c0e2cbe6,f0e5ea4c22e8310018d3f783cb2d771ad0856297c56710cd00d01b60bc9729e4
probe0-vt-s0,measurement,82,0,2048,0,1024,160,100,8,1016,0.39097000000000004,0.3848129921259843,394.0485039370079,0.9123256000020774,NVIDIA GeForce RTX 4080 Laptop GPU/PCIe/SSE2,08cbcb4555bd6df102e797b7c9d65460be0db21562fd33c6db4785c972d2901e,c5213b2a98158e079902206179adde79ce01b952f24879b6bab12f009f26deb4,89afc2d4c95d058540c020d95a173562b7ff072557fc3834f5b177e7c228afd3
probe0-vt-s1,measurement,82,0,2048,1000003,1024,160,100,8,1016,0.37929160000000006,0.37331850393700794,382.27814803149613,0.8944412999990163,NVIDIA GeForce RTX 4080 Laptop GPU/PCIe/SSE2,08cbcb4555bd6df102e797b7c9d65460be0db21562fd33c6db4785c972d2901e,11c3d2719a85edba441b1563924053461b2ffe0b28c058ba889284ea0aa84585,345bfd40f4769d82d4580d818fc92b4acf3c5d94b67f0a984bf0cbbb6150516b
probe0-vt-s2,measurement,82,0,2048,2000006,1024,160,100,8,1016,0.32373749999999973,0.31863927165354305,326.2866141732281,0.8386699000111548,NVIDIA GeForce RTX 4080 Laptop GPU/PCIe/SSE2,08cbcb4555bd6df102e797b7c9d65460be0db21562fd33c6db4785c972d2901e,a1833721074a17f77391a26570571e2f564862eed3c3a6a30f81e07cfad99b77,329adf7af56e8bb27d221021a6b45c5fc36c11a756c22e9311ca1d686ec4c2ca
probe0-vt-s3,measurement,82,0,2048,3000009,1024,160,100,8,1016,0.35424430000000035,0.34866564960629953,357.0336251968507,0.8190646000002744,NVIDIA GeForce RTX 4080 Laptop GPU/PCIe/SSE2,08cbcb4555bd6df102e797b7c9d65460be0db21562fd33c6db4785c972d2901e,90be989a700a5722266df0c92ea68ccf94ba4603d290e9c5fb7050c009123d81,c1a07e13818053d62509a1589892788588d36c72063fa769188d339686dff8dc
probe0-vt-s4,measurement,82,0,2048,4000012,1024,160,100,8,1016,0.3791152000000004,0.37314488188976414,382.1003590551185,0.9123875999939628,NVIDIA GeForce RTX 4080 Laptop GPU/PCIe/SSE2,08cbcb4555bd6df102e797b7c9d65460be0db21562fd33c6db4785c972d2901e,d94e66a6941ec67d79957eccf2e8455a41000066b755fe1a4197b1ecae6a5119,c86ae141e8fc5197d1cedc1122b33a1d4d35509ffb496225db780d562cec62a5
probe0-vt-s5,measurement,82,0,2048,5000015,1024,160,100,8,1016,0.3650966,0.35934704724409444,367.9713763779527,0.8727493000042159,NVIDIA GeForce RTX 4080 Laptop GPU/PCIe/SSE2,08cbcb4555bd6df102e797b7c9d65460be0db21562fd33c6db4785c972d2901e,dbea49bd227e158efe4691ac73e2e1e84db1d4ee7b9938fefb6f9d4654974496,ab0d863ca72d7a28155e6a843677e619cdaa12b5fb9403d5d9999204ebd21e0c
probe1-planes-s0,measurement,82,1,3080,0,1024,160,100,8,1016,0.5264940999999996,0.5182028543307083,530.6397228346453,1.0314329999964684,NVIDIA GeForce RTX 4080 Laptop GPU/PCIe/SSE2,08cbcb4555bd6df102e797b7c9d65460be0db21562fd33c6db4785c972d2901e,2591ac921fa4cf4b54fb33e975724eac76e8118cad845ea6fd779fb7d19b2996,73664dfbb0d0c14f18c06ebb11347fc39a2eabc91861f565dfbd17076a5bdd94
probe1-planes-s1,measurement,82,1,3080,1000003,1024,160,100,8,1016,0.5403946999999998,0.5318845472440943,544.6497763779525,1.0357482000108575,NVIDIA GeForce RTX 4080 Laptop GPU/PCIe/SSE2,08cbcb4555bd6df102e797b7c9d65460be0db21562fd33c6db4785c972d2901e,aa99daf300622561a45a883cf9cf93a08fe3908314ea775b081137c26189d822,c21fea8130f991d37fbf938310f7607742dd323ef51c8906284cbb1181f98181
probe1-planes-s2,measurement,82,1,3080,2000006,1024,160,100,8,1016,0.5093889999999996,0.5013671259842516,513.3999370078736,0.9888341000041692,NVIDIA GeForce RTX 4080 Laptop GPU/PCIe/SSE2,08cbcb4555bd6df102e797b7c9d65460be0db21562fd33c6db4785c972d2901e,4436ebe7514a373b8a5f5d380d9996c3d36fc682ef528c3e9f44b5c032f50eb2,57438533472cfd711112e45a92d28db397e4338041a5d5a1c88ac1b4be357cf6
probe1-planes-s3,measurement,82,1,3080,3000009,1024,160,100,8,1016,0.5226234000000004,0.5143931102362209,526.7385448818902,1.0294640000065556,NVIDIA GeForce RTX 4080 Laptop GPU/PCIe/SSE2,08cbcb4555bd6df102e797b7c9d65460be0db21562fd33c6db4785c972d2901e,0aaad9eb4fc9896b6e2e39219e714e59756211a54ecc96fd016ac749a572b36c,922ed2d1c301ebe29cabc8e818ec1d7f5b1e3b9361cce4fd7a5f76b15261d15e
probe1-planes-s4,measurement,82,1,3080,4000012,1024,160,100,8,1016,0.5046107000000001,0.49666407480314967,508.58401259842526,1.0017763000068953,NVIDIA GeForce RTX 4080 Laptop GPU/PCIe/SSE2,08cbcb4555bd6df102e797b7c9d65460be0db21562fd33c6db4785c972d2901e,cd6853ab0b3a3a9333f40ad4130dc8edfc2bb91711d8fd934c37dd01423fc91d,f66f8f67ae746ec860736fe3c3a728cf71759e0b73c5a60d52c591e016fbcd4f
probe1-planes-s5,measurement,82,1,3080,5000015,1024,160,100,8,1016,0.5193763000000003,0.5111971456692916,523.4658771653546,1.0336840000090888,NVIDIA GeForce RTX 4080 Laptop GPU/PCIe/SSE2,08cbcb4555bd6df102e797b7c9d65460be0db21562fd33c6db4785c972d2901e,8da389f7bf50fc069fa30e12a8b99d8567a1717ebfda428c663be9ec7d303e58,df98d4c1aa5a320d81d63e85ced7099f34c246f095f6e0c074278b38ef5a941b
probe1-six-s0,measurement,82,1,3976,0,1024,160,100,8,1016,1.4224915999999985,1.4000901574803135,1433.692321259841,1.970170100001269,NVIDIA GeForce RTX 4080 Laptop GPU/PCIe/SSE2,08cbcb4555bd6df102e797b7c9d65460be0db21562fd33c6db4785c972d2901e,295a40708b9d94bcad2835833da89719f85f0c5f0155a0791991b404eec58a0f,973c5d77057e78966b714ab78439904ad2b36997c476dab701e08e9047991592
probe1-six-s1,measurement,82,1,3976,1000003,1024,160,100,8,1016,1.4012925000000012,1.3792249015748044,1412.3262992125997,1.9406312000064645,NVIDIA GeForce RTX 4080 Laptop GPU/PCIe/SSE2,08cbcb4555bd6df102e797b7c9d65460be0db21562fd33c6db4785c972d2901e,c6421e363f5c454821e1559ca89e52ef2ad41486cc5bc705b4ea640a9da01518,b8884670fa4846bf9b74b69267972dd116ba37ea223af88da13792e305c2abfc
probe1-six-s2,measurement,82,1,3976,2000006,1024,160,100,8,1016,1.4494970000000007,1.4266702755905518,1460.910362204725,1.9472356000042055,NVIDIA GeForce RTX 4080 Laptop GPU/PCIe/SSE2,08cbcb4555bd6df102e797b7c9d65460be0db21562fd33c6db4785c972d2901e,d378ceb62f7c2f14b7cb754c647f8c0ab328b428c06566a9704643b250ac12ae,3d3ad34e2c49f1e24b60a30a3e7b84301dd5cc5400809eb3bfd2b7391feeb95c
probe1-six-s3,measurement,82,1,3976,3000009,1024,160,100,8,1016,1.3968690999999978,1.3748711614173208,1407.8680692913365,1.9065116999991005,NVIDIA GeForce RTX 4080 Laptop GPU/PCIe/SSE2,08cbcb4555bd6df102e797b7c9d65460be0db21562fd33c6db4785c972d2901e,a3d2fefb7bf25edc1bf4d5ce587838aef4ae0902975071e6200779010f3e2d9d,6a164ad12d212de5c9d19e76e3730f92b9295bc129e81edd437d1bac904164d8
probe1-six-s4,measurement,82,1,3976,4000012,1024,160,100,8,1016,1.4008080999999992,1.3787481299212592,1411.8380850393694,1.9364558000088437,NVIDIA GeForce RTX 4080 Laptop GPU/PCIe/SSE2,08cbcb4555bd6df102e797b7c9d65460be0db21562fd33c6db4785c972d2901e,5255bad6dd613c1aa0506f547dc174c4d45075304d638b50c61386a44267a55c,66a3c0d657bd23f71213c0e0551ee5ed87150626a07ae178137854bd31393e47
probe1-six-s5,measurement,82,1,3976,5000015,1024,160,100,8,1016,1.3823440000000018,1.360574803149608,1393.2285984251987,1.9089952999929665,NVIDIA GeForce RTX 4080 Laptop GPU/PCIe/SSE2,08cbcb4555bd6df102e797b7c9d65460be0db21562fd33c6db4785c972d2901e,93edca5321ca2c456af2e0d75e6a94ea3f6a3e8f56e9e1bf2c725ef587b45279,df5b0760d0c4f0360083835238ce3644a208db217a3ac4cd11cf484d005591b5
probe1-sphere-s0,measurement,82,1,128,0,1024,160,100,8,1016,0.43122420000000017,0.4244332677165356,434.61966614173247,0.9280321999976877,NVIDIA GeForce RTX 4080 Laptop GPU/PCIe/SSE2,08cbcb4555bd6df102e797b7c9d65460be0db21562fd33c6db4785c972d2901e,dacb3871efd35befa7ad38967b34f7632dc50d35eb40699f754ee72c7f29e3e5,b7ac2df76aa19a3df6f7141d8e5195438b49842b1f29302f7721b6f0408e0c6e
probe1-sphere-s1,measurement,82,1,128,1000003,1024,160,100,8,1016,0.4323315,0.42552312992125985,435.7356850393701,0.9113034000038169,NVIDIA GeForce RTX 4080 Laptop GPU/PCIe/SSE2,08cbcb4555bd6df102e797b7c9d65460be0db21562fd33c6db4785c972d2901e,c850087c8af5cabb7d5d673fbf7053d2612965da6bdf4b101c7dcad72659673a,29b1caacc64f368ddc231eed4e9ecaeb760870a350b1462423046e282d315bbf
probe1-sphere-s2,measurement,82,1,128,2000006,1024,160,100,8,1016,0.42977319999999963,0.42300511811023583,433.1572409448815,0.9294834999891464,NVIDIA GeForce RTX 4080 Laptop GPU/PCIe/SSE2,08cbcb4555bd6df102e797b7c9d65460be0db21562fd33c6db4785c972d2901e,cef3eaa8226778b3837f3673a01d146d7cd4a4b1a84c67d0c183ffd9a05fd3df,04f00d8a36a111ba57681e8e283c3c69b8e2d29683c746b61a50cc5554da247c
probe1-sphere-s3,measurement,82,1,128,3000009,1024,160,100,8,1016,0.42974789999999996,0.42298021653543305,433.13174173228344,0.9242674999986775,NVIDIA GeForce RTX 4080 Laptop GPU/PCIe/SSE2,08cbcb4555bd6df102e797b7c9d65460be0db21562fd33c6db4785c972d2901e,d7f922fbcea7a9dc73549af6056f1047066f1ba3964e3aa4e69fbbe9414689d7,7df0e4debc0816a006b4ec85efb514ba1a4b24fe2924103d7eec7f8b8f1652dd
probe1-sphere-s4,measurement,82,1,128,4000012,1024,160,100,8,1016,0.41172379999999953,0.4052399606299208,414.9657196850389,0.9310154999984661,NVIDIA GeForce RTX 4080 Laptop GPU/PCIe/SSE2,08cbcb4555bd6df102e797b7c9d65460be0db21562fd33c6db4785c972d2901e,d3ecf28d04d89ae6c447d35683ea1e52807b785984f50a9afc4b95ee1bc414ad,e3b190c2b8fa45600b4d6e0c9f616b2a4ad4aa032146cc22d932be239e11e7f5
probe1-sphere-s5,measurement,82,1,128,5000015,1024,160,100,8,1016,0.43593910000000047,0.42907391732283506,439.3716913385831,0.9329200999927707,NVIDIA GeForce RTX 4080 Laptop GPU/PCIe/SSE2,08cbcb4555bd6df102e797b7c9d65460be0db21562fd33c6db4785c972d2901e,4760513ca136605216118a7f63ec4ee369fe9aefa022f558aae535f019389424,a60fbcb1f34d566e0a69308dfaa4900be7f499a31206d3f008dea853b106e406
probe1-spins-s0,measurement,82,1,896,0,1024,160,100,8,1016,1.0192372000000007,1.0031862204724415,1027.2626897637801,1.522467399991001,NVIDIA GeForce RTX 4080 Laptop GPU/PCIe/SSE2,08cbcb4555bd6df102e797b7c9d65460be0db21562fd33c6db4785c972d2901e,69a47f9c0a93f21bcabe6e267b85ab3408350b5bc309c9c3cdb7088662268c0e,39971b6e565fbfbfe947f66872d78185dc93c17101d570cd8907b89b5ff35aa7
probe1-spins-s1,measurement,82,1,896,1000003,1024,160,100,8,1016,0.9385502999999992,0.9237699803149598,945.9404598425189,1.4897339000017382,NVIDIA GeForce RTX 4080 Laptop GPU/PCIe/SSE2,08cbcb4555bd6df102e797b7c9d65460be0db21562fd33c6db4785c972d2901e,7caeefe16799a60c675b7458239db9f5137eda72fba5de9b12c888371f7112b8,4359b525e9d28afc2b43a03a859c8f9655592200ff1336b0da89a57a54fcd4b9
probe1-spins-s2,measurement,82,1,896,2000006,1024,160,100,8,1016,1.022195,1.0060974409448817,1030.243779527559,1.5473957999929553,NVIDIA GeForce RTX 4080 Laptop GPU/PCIe/SSE2,08cbcb4555bd6df102e797b7c9d65460be0db21562fd33c6db4785c972d2901e,1d8ef6292c1a9bf92a5888989a5806fc265cb1e7083294daaf81460b3caa7107,ea332467d90d6c07edafe49eb5ac14f64bfe701c8e431f862a4d64afe8c52019
probe1-spins-s3,measurement,82,1,896,3000009,1024,160,100,8,1016,1.0150082999999996,0.9990239173228342,1023.0004913385823,1.5746937000076286,NVIDIA GeForce RTX 4080 Laptop GPU/PCIe/SSE2,08cbcb4555bd6df102e797b7c9d65460be0db21562fd33c6db4785c972d2901e,18dda8d6c02d48c82bb840a5c9f117025593ffe5e2e1de40c6a3fa636ee85902,6ef415c46a2043e932cba55a22f7ba74c1eaeb2eee66996bdec3cf12821f888a
probe1-spins-s4,measurement,82,1,896,4000012,1024,160,100,8,1016,1.0219601000000003,1.0058662401574805,1030.00702992126,1.5420429000078002,NVIDIA GeForce RTX 4080 Laptop GPU/PCIe/SSE2,08cbcb4555bd6df102e797b7c9d65460be0db21562fd33c6db4785c972d2901e,faff402fd13231b60dab2fb019ee8ef7adfa7353577f85a15afae023568729b1,2968140cd64c893bc3bdfc0ed68434b3dc6ec2adc6946ea0bf31e2b0cc4551cc
probe1-spins-s5,measurement,82,1,896,5000015,1024,160,100,8,1016,1.0207810999999989,1.004705807086613,1028.8187464566918,1.5281102000008104,NVIDIA GeForce RTX 4080 Laptop GPU/PCIe/SSE2,08cbcb4555bd6df102e797b7c9d65460be0db21562fd33c6db4785c972d2901e,5e197a4fc6f60b5f444e0766eb4b77a9e70632b2b144864bbf81df0a45f14010,63c535b4f0ae1c20c61d94cde0e88567326ebef4423fee6fbe51f2743bf0477c
probe1-ut-s0,measurement,82,1,1024,0,1024,160,100,8,1016,0.3634350999999997,0.3577117125984249,366.2967937007871,0.9152055000013206,NVIDIA GeForce RTX 4080 Laptop GPU/PCIe/SSE2,08cbcb4555bd6df102e797b7c9d65460be0db21562fd33c6db4785c972d2901e,7b95f8227a97344de28ff351d2c5b1d5a224f777ae839ec046e031be63ad0346,0d98e04997985206db45c40987bd0e91716cc69a36d3b77ec0a7f41783997462
probe1-ut-s1,measurement,82,1,1024,1000003,1024,160,100,8,1016,0.3636952999999996,0.35796781496062957,366.5590425196847,0.8499909000092885,NVIDIA GeForce RTX 4080 Laptop GPU/PCIe/SSE2,08cbcb4555bd6df102e797b7c9d65460be0db21562fd33c6db4785c972d2901e,86dfeeecfae8f7e6bd91b51e1a9cc2610e2a608d4799f3a2ecbf212922c55d58,0657a9a11b4e046e9698f6d9e2f147af6ff19b308540cc488b17a419608d2ba8
probe1-ut-s2,measurement,82,1,1024,2000006,1024,160,100,8,1016,0.3686840999999999,0.3628780511811022,371.5871244094487,0.9228590999991866,NVIDIA GeForce RTX 4080 Laptop GPU/PCIe/SSE2,08cbcb4555bd6df102e797b7c9d65460be0db21562fd33c6db4785c972d2901e,f30aa4d55720fb32b374942dbdbfb72721dd41cbd344e070e43f4d201c164d73,e9d684334204b5ba4200d1d86b97626e2e9b8301f2eea0602ae8f0a8f26dc1cc
probe1-ut-s3,measurement,82,1,1024,3000009,1024,160,100,8,1016,0.3869930999999997,0.3808987204724406,390.0402897637792,1.092118799992022,NVIDIA GeForce RTX 4080 Laptop GPU/PCIe/SSE2,08cbcb4555bd6df102e797b7c9d65460be0db21562fd33c6db4785c972d2901e,39714120693ef99b24cf335f22988000c90847ad746fccccd4334c7fd44b7541,74f43895f251bb1a5c4bedd055267ae8f12ae19fce6a5eed3b99d1418d65da07
probe1-ut-s4,measurement,82,1,1024,4000012,1024,160,100,8,1016,0.36467019999999944,0.3589273622047239,367.54161889763725,0.8937080000032438,NVIDIA GeForce RTX 4080 Laptop GPU/PCIe/SSE2,08cbcb4555bd6df102e797b7c9d65460be0db21562fd33c6db4785c972d2901e,faba6f172ea4cc73ce5bfe470af32a4b4b988f574746c9c9bbcc41d9dc4ca9ca,5391b5ee9cf6290fefc9c9d0ead9e93d2e66c1815f783621eec8ca9c9e3398af
probe1-ut-s5,measurement,82,1,1024,5000015,1024,160,100,8,1016,0.3840215000000002,0.3779739173228348,387.04529133858284,0.8798638000007486,NVIDIA GeForce RTX 4080 Laptop GPU/PCIe/SSE2,08cbcb4555bd6df102e797b7c9d65460be0db21562fd33c6db4785c972d2901e,99442c6be38e063397aa4fd36dcbe07d10e064c258f2bd0d755c45d358d153ca,dda379071b1f9c1988b24460da12edeb17549ee660ae1eeb40d841e13cf8f5ae
probe1-uv-s0,measurement,82,1,8,0,1024,160,100,8,1016,0.3572025999999998,0.3515773622047242,360.01521889763757,0.8570756999979494,NVIDIA GeForce RTX 4080 Laptop GPU/PCIe/SSE2,08cbcb4555bd6df102e797b7c9d65460be0db21562fd33c6db4785c972d2901e,9182410a102bd850edd94765744ea64c3994e517ddd3a4fbbdff1e8c88c015eb,e0340aa5055fc60a002de0e0c83c5ba6f7e9a5a8b950493a49954613e8564265
probe1-uv-s1,measurement,82,1,8,1000003,1024,160,100,8,1016,0.37566910000000037,0.3697530511811027,378.62712440944915,0.881346999987727,NVIDIA GeForce RTX 4080 Laptop GPU/PCIe/SSE2,08cbcb4555bd6df102e797b7c9d65460be0db21562fd33c6db4785c972d2901e,323b189b840513e882ae6dceb8666f5688fa951baa644562776587107f3e6402,082887194696b26f4fd3f3a6c2da2be8a3edc5b6ee7b47ca974e2cda221acb52
probe1-uv-s2,measurement,82,1,8,2000006,1024,160,100,8,1016,0.3628887000000002,0.3571739173228348,365.74609133858286,0.9091562000103295,NVIDIA GeForce RTX 4080 Laptop GPU/PCIe/SSE2,08cbcb4555bd6df102e797b7c9d65460be0db21562fd33c6db4785c972d2901e,6ca8e23d83e725edb6f67b37b19cacc0fcd85ef5019e3aef6a54b6519eb21140,092ec3eb7539061c8f3b4e1a28b3a96162d1f2a6beda27d926a0365cda9870e8
probe1-uv-s3,measurement,82,1,8,3000009,1024,160,100,8,1016,0.3587957999999998,0.35314547244094463,361.6209637795273,0.8285215999931097,NVIDIA GeForce RTX 4080 Laptop GPU/PCIe/SSE2,08cbcb4555bd6df102e797b7c9d65460be0db21562fd33c6db4785c972d2901e,a68ccc33ae7d3e226ab75145decf29a24c9d166b7a7ddcbf0211c47d134be718,422e9fb74bb963e72c04ccec37bcb67b83b763862ff542f35104468525aac916
probe1-uv-s4,measurement,82,1,8,4000012,1024,160,100,8,1016,0.39142859999999985,0.38526437007874,394.51071496062974,0.8863073000102304,NVIDIA GeForce RTX 4080 Laptop GPU/PCIe/SSE2,08cbcb4555bd6df102e797b7c9d65460be0db21562fd33c6db4785c972d2901e,dee2d7d35e8d13c417c8fadfce480762ba56075f60a9c5ebc6fcf715631059af,79b4e3b3cf42b35ea199467f2a152b478c0de79195cccdb2028326c4e4d4a833
probe1-uv-s5,measurement,82,1,8,5000015,1024,160,100,8,1016,0.34370479999999975,0.33829212598425173,346.4111370078738,0.8271945000014966,NVIDIA GeForce RTX 4080 Laptop GPU/PCIe/SSE2,08cbcb4555bd6df102e797b7c9d65460be0db21562fd33c6db4785c972d2901e,79f5aeec4f373c23c0bcf9edd605aa29e3a2fe0d2fca429603591824af325880,c712527a5f84cea890cd4d6efd851fcd28b7d39f8d00aa41355c472de516abb6
probe1-uv-sphere-s0,measurement,82,1,136,0,1024,160,100,8,1016,0.5836801000000005,0.5744882874015753,588.2760062992131,1.1091507999954047,NVIDIA GeForce RTX 4080 Laptop GPU/PCIe/SSE2,08cbcb4555bd6df102e797b7c9d65460be0db21562fd33c6db4785c972d2901e,643eac0233d45e5aee1060ddb57219c4da59088de45570d5d2dcec96986440d9,5af5edcd45e5d34d55939915723dc2b5140caaaeb9e47e98d71427133585259f
probe1-uv-sphere-s1,measurement,82,1,136,1000003,1024,160,100,8,1016,0.6023721999999998,0.592886023622047,607.1152881889761,1.1367931999993743,NVIDIA GeForce RTX 4080 Laptop GPU/PCIe/SSE2,08cbcb4555bd6df102e797b7c9d65460be0db21562fd33c6db4785c972d2901e,773dbc1ea33ffe9f37ec7bad2e88b2ca7988c66e5baa51f3d856e36508a9760e,6c3a51f5bbeb01f0c113882b7213f1ed6ae53a9613c140d93d885ac8983580bf
probe1-uv-sphere-s2,measurement,82,1,136,2000006,1024,160,100,8,1016,0.5971783999999998,0.5877740157480312,601.880592125984,1.1498398999974597,NVIDIA GeForce RTX 4080 Laptop GPU/PCIe/SSE2,08cbcb4555bd6df102e797b7c9d65460be0db21562fd33c6db4785c972d2901e,1d1c36c83577967ba95b03e430a055870fa80a13afcab7d9f97d98dc9e2e79d8,9ffbb3fc92521298ea86ee4bf2dbafa68a3577e6f9509d66ee623c8125f2f202
probe1-uv-sphere-s3,measurement,82,1,136,3000009,1024,160,100,8,1016,0.6200836999999997,0.6103186023622044,624.9662488188973,1.1487441000062972,NVIDIA GeForce RTX 4080 Laptop GPU/PCIe/SSE2,08cbcb4555bd6df102e797b7c9d65460be0db21562fd33c6db4785c972d2901e,49abb7b2bdc6b6e33a81f1ce8ea3e8fc9e83d8106fe15b890880efa5c6f15b77,18a75fc23eb56455e76b57b21e428dd8c8e4cb12eba9348e2eda6a097fe85025
probe1-uv-sphere-s4,measurement,82,1,136,4000012,1024,160,100,8,1016,0.6318573999999992,0.6219068897637787,636.8326551181094,1.4745045000017853,NVIDIA GeForce RTX 4080 Laptop GPU/PCIe/SSE2,08cbcb4555bd6df102e797b7c9d65460be0db21562fd33c6db4785c972d2901e,75f4957e1fdd844830f12e48754b7fcf3c5247f3f4c6fed286c2b928a2ae436e,4e1d7fdcc8b89298ff9b1ea71dde87488aae27e3a072fcf8e43b1179210f85f2
probe1-uv-sphere-s5,measurement,82,1,136,5000015,1024,160,100,8,1016,0.6108121000000004,0.601193011811024,615.6216440944886,1.1316975000081584,NVIDIA GeForce RTX 4080 Laptop GPU/PCIe/SSE2,08cbcb4555bd6df102e797b7c9d65460be0db21562fd33c6db4785c972d2901e,7b69ad3552d1423b9988f91833e5c3e25f603a631426b800ebb9dd18a765b6ae,b646f34723519adeeac9857eb395fb4d68865af6ba7d76897b34b9780c1a95d4
probe1-vt-s0,measurement,82,1,2048,0,1024,160,100,8,1016,0.3764039000000004,0.37047627952755946,379.3677102362209,0.8917593000078341,NVIDIA GeForce RTX 4080 Laptop GPU/PCIe/SSE2,08cbcb4555bd6df102e797b7c9d65460be0db21562fd33c6db4785c972d2901e,efba0f16c52ec91e04e4c0bc7e315ac2fad799ba2214b061ae17a0733131a557,5fff0f11c099ce75262a1c95ae7e373f8364adb40a7f6092776db682b72ef42b
probe1-vt-s1,measurement,82,1,2048,1000003,1024,160,100,8,1016,0.3732548999999999,0.3673768700787401,376.19391496062985,0.8796104999928502,NVIDIA GeForce RTX 4080 Laptop GPU/PCIe/SSE2,08cbcb4555bd6df102e797b7c9d65460be0db21562fd33c6db4785c972d2901e,ff018fa52de4527996e339276a6ecae13526790ef11a137649e6f344a6d09ad0,ed93a1f2514de98ee22d0d220043abda3e2c6d12876c190df6375316bc583320
probe1-vt-s2,measurement,82,1,2048,2000006,1024,160,100,8,1016,0.36962190000000056,0.3638010826771659,372.53230866141786,0.8970534000109183,NVIDIA GeForce RTX 4080 Laptop GPU/PCIe/SSE2,08cbcb4555bd6df102e797b7c9d65460be0db21562fd33c6db4785c972d2901e,00982a9bbff30f9eab53bcf9648d62e4a7608ef89409484a929e045dd147d5d5,4814e3c3ce5791f3ee8c0516af5e861cd3b3d3cea97ff31bbab553503e2e519d
probe1-vt-s3,measurement,82,1,2048,3000009,1024,160,100,8,1016,0.3767589000000002,0.3708256889763781,379.72550551181115,0.8706466000003275,NVIDIA GeForce RTX 4080 Laptop GPU/PCIe/SSE2,08cbcb4555bd6df102e797b7c9d65460be0db21562fd33c6db4785c972d2901e,d4bd7e6d2063b0dc425db7849e416200594d8aeac15c1858bd6ddbb94e5fadd6,a304ecb382207bdcabeb5ec96402f2c5d5d0d8c7d51e630c9bd04f5f1b5a161d
probe1-vt-s4,measurement,82,1,2048,4000012,1024,160,100,8,1016,0.3824073,0.3763851377952756,385.4183811023622,0.9122899000067264,NVIDIA GeForce RTX 4080 Laptop GPU/PCIe/SSE2,08cbcb4555bd6df102e797b7c9d65460be0db21562fd33c6db4785c972d2901e,c51e2099e117aa07ae55049c30a5ea81920c375db33bf89499676402649e8a1c,7e07ae860bd3e52ee5ab1e988a3d9f3d1d3436c3f6ae5b9f389d2c10d5938f19
probe1-vt-s5,measurement,82,1,2048,5000015,1024,160,100,8,1016,0.37404200000000043,0.36815157480315003,376.98721259842563,0.8779240000003483,NVIDIA GeForce RTX 4080 Laptop GPU/PCIe/SSE2,08cbcb4555bd6df102e797b7c9d65460be0db21562fd33c6db4785c972d2901e,5ab47257728b579c82411ea11c8f63e6fc84f31559933d775e44aacbc9c0ee71,d60c7d0fb2d24b760adea65cf024e6e2993cb15b8ec25ea56a54a2a3ff621175
probe2-planes-s0,measurement,82,2,3080,0,1024,160,100,8,1016,0.5813203000000002,0.5721656496062995,585.8976251968506,1.065867299999809,NVIDIA GeForce RTX 4080 Laptop GPU/PCIe/SSE2,08cbcb4555bd6df102e797b7c9d65460be0db21562fd33c6db4785c972d2901e,829ce8f64fdbd010ad1b208eadb63a8a891896602508777e50dffc2aee366527,aa69aec73f5b6ad6e5fce2216f8c5c3b77102c3e956ea29572914d9e817ef192
probe2-planes-s1,measurement,82,2,3080,1000003,1024,160,100,8,1016,0.6171958000000004,0.6074761811023626,622.0556094488193,1.123429599989322,NVIDIA GeForce RTX 4080 Laptop GPU/PCIe/SSE2,08cbcb4555bd6df102e797b7c9d65460be0db21562fd33c6db4785c972d2901e,d9ebf5eb0fd6ab04a49a6ac22f51c2417e772d946545ef3d76a78bcc927ef50b,f07b95e72b58401c99b389569cae7b22e3c6048710dddb6da9219883a61fe495
probe2-planes-s2,measurement,82,2,3080,2000006,1024,160,100,8,1016,0.5789123000000005,0.5697955708661423,583.4706645669297,1.0929950999998255,NVIDIA GeForce RTX 4080 Laptop GPU/PCIe/SSE2,08cbcb4555bd6df102e797b7c9d65460be0db21562fd33c6db4785c972d2901e,e1e6ead6f8c5533f489393327d319abea8f81d014d18958df4950eaddf62938d,fe42bd92c8c6fed389194b1f31b9928bde0d07ff921a625b04ea3a0be9eb077b
probe2-planes-s3,measurement,82,2,3080,3000009,1024,160,100,8,1016,0.5763439000000001,0.5672676181102363,580.882040944882,1.0953161000070395,NVIDIA GeForce RTX 4080 Laptop GPU/PCIe/SSE2,08cbcb4555bd6df102e797b7c9d65460be0db21562fd33c6db4785c972d2901e,dcf87309d94e043bd96c32984aa7735529822f679844814f4b343b9c0432850b,9ba547ea24751cfda0998e9bbfe5468121052cd9e6fa3d044bf06f16ff4bdfb1
probe2-planes-s4,measurement,82,2,3080,4000012,1024,160,100,8,1016,0.5981104,0.5886913385826772,602.8199307086614,1.1186854000116,NVIDIA GeForce RTX 4080 Laptop GPU/PCIe/SSE2,08cbcb4555bd6df102e797b7c9d65460be0db21562fd33c6db4785c972d2901e,f8d745ccd133a1191c7fae85296be106bb376c1debeeb2a5e6cf260a1e47fec9,6c5ae0238708a8dc6e64a41ce154db1612ddf420c5a767a295997a0f0065fd1c
probe2-planes-s5,measurement,82,2,3080,5000015,1024,160,100,8,1016,0.5975229999999998,0.5881131889763778,602.2279055118108,1.095704699997441,NVIDIA GeForce RTX 4080 Laptop GPU/PCIe/SSE2,08cbcb4555bd6df102e797b7c9d65460be0db21562fd33c6db4785c972d2901e,3b86910a4bc2491033062c2d87565b9fa3ea89571983c4621cd54e9f202ee447,f1a24efd12457b1d812232056e873461427521999949b7df7fc1bad2a30689a0
probe2-six-s0,measurement,82,2,3976,0,1024,160,100,8,1016,1.3480610000000008,1.3268316929133865,1358.6756535433078,1.8959309000056237,NVIDIA GeForce RTX 4080 Laptop GPU/PCIe/SSE2,08cbcb4555bd6df102e797b7c9d65460be0db21562fd33c6db4785c972d2901e,77faed96270865ca13c842213052e5b5c8d53ef3d2f14d7d06595daff5e400f0,7096f77c2ebd1256545ec62f2c4aebf536c9bf055ce5216b56f934fc6dd8f175
probe2-six-s1,measurement,82,2,3976,1000003,1024,160,100,8,1016,1.5035624000000032,1.4798842519685071,1515.4014740157513,2.0275260000053095,NVIDIA GeForce RTX 4080 Laptop GPU/PCIe/SSE2,08cbcb4555bd6df102e797b7c9d65460be0db21562fd33c6db4785c972d2901e,90812e2bd896a55648a4a62c511663cc7e3585f86413d17506d3f131217f953a,067b930625873bdb3bed7aff300cc9c1f76464882ba7a5ae47fe0b6c5332fc8e
probe2-six-s2,measurement,82,2,3976,2000006,1024,160,100,8,1016,1.4889573999999974,1.4655092519685016,1500.6814740157456,2.0102434000000358,NVIDIA GeForce RTX 4080 Laptop GPU/PCIe/SSE2,08cbcb4555bd6df102e797b7c9d65460be0db21562fd33c6db4785c972d2901e,3f6426e385574b4249b27e9366737b69d0df8d484353ea0dc19047ca4643a8ae,e937baa06cab9d3b66ee34ec6fd24a88e74668fc7fface1e39bd2904944735f9
probe2-six-s3,measurement,82,2,3976,3000009,1024,160,100,8,1016,1.4855916000000005,1.4621964566929138,1497.2891716535437,2.007254099997226,NVIDIA GeForce RTX 4080 Laptop GPU/PCIe/SSE2,08cbcb4555bd6df102e797b7c9d65460be0db21562fd33c6db4785c972d2901e,3de8d963128bd62e6ecf993e2fb313c7855c194f504e5680316d5568242c1de2,6e873c844eaed5b9af4ede06db7bddfa5fa623f9319f45694b61ded7a3683455
probe2-six-s4,measurement,82,2,3976,4000012,1024,160,100,8,1016,1.471559099999999,1.448384940944881,1483.1461795275582,1.9941372000030242,NVIDIA GeForce RTX 4080 Laptop GPU/PCIe/SSE2,08cbcb4555bd6df102e797b7c9d65460be0db21562fd33c6db4785c972d2901e,538d55523f9d787a05f60dadfaaf3f89b40c14d1454d9a8bfeffe7d540659876,43847a3e94aaff23e28422899a795a3c48fb68f8d79c2ff14022cb3947f8d395
probe2-six-s5,measurement,82,2,3976,5000015,1024,160,100,8,1016,1.5696887999999982,1.544969291338581,1582.048554330707,2.1328119999961928,NVIDIA GeForce RTX 4080 Laptop GPU/PCIe/SSE2,08cbcb4555bd6df102e797b7c9d65460be0db21562fd33c6db4785c972d2901e,fd311c0c18ca7b60fa44091e92703b8a2cd6e515649eb1f3e3107d2286b00aa3,6e07bc09455a31b2d1d6f6f181c8867b8e52386b909d231e79fcf8cad24e097f
probe2-sphere-s0,measurement,82,2,128,0,1024,160,100,8,1016,0.4310954999999996,0.4243065944881885,434.48995275590505,0.9292133000126341,NVIDIA GeForce RTX 4080 Laptop GPU/PCIe/SSE2,08cbcb4555bd6df102e797b7c9d65460be0db21562fd33c6db4785c972d2901e,96b050055eaae95c49ee8031af0efbd6a10d23f774db4adf40347496bf0b96ca,e20e5d8771edd2d43a55d6f0b95310f68e6a2a8697070ee572aac85d830aa762
probe2-sphere-s1,measurement,82,2,128,1000003,1024,160,100,8,1016,0.42122970000000004,0.41459616141732286,424.5464692913386,0.9268824000027962,NVIDIA GeForce RTX 4080 Laptop GPU/PCIe/SSE2,08cbcb4555bd6df102e797b7c9d65460be0db21562fd33c6db4785c972d2901e,85442aedd63b35a293ff93271ce189ab4566f530f0379cd4edb511b3139c5f94,ccc1c73c678138d2e4801e1a3c43c499363464dde906de2c4fcc30479601205c
probe2-sphere-s2,measurement,82,2,128,2000006,1024,160,100,8,1016,0.4326195000000004,0.4258065944881893,436.02595275590585,0.9504584999958752,NVIDIA GeForce RTX 4080 Laptop GPU/PCIe/SSE2,08cbcb4555bd6df102e797b7c9d65460be0db21562fd33c6db4785c972d2901e,df38e6e7d1b160b3c6c45b2275adf388160d992a59b6a09f6b1620edade905e5,02006af449bf1a1cd86f7e5e91c8335d26e2fc091b2bc0645a1f069a9e59c1ca
probe2-sphere-s3,measurement,82,2,128,3000009,1024,160,100,8,1016,0.4566880999999999,0.4494961614173227,460.2840692913384,0.9674031999893486,NVIDIA GeForce RTX 4080 Laptop GPU/PCIe/SSE2,08cbcb4555bd6df102e797b7c9d65460be0db21562fd33c6db4785c972d2901e,ea9a7f547e1fd43e097bd6015879836090837a50a59f9401ca89e2a25fe87281,de02ba474b73344072d9b91918d23d89fce24823017bac3e4b042dace811267c
probe2-sphere-s4,measurement,82,2,128,4000012,1024,160,100,8,1016,0.4424822000000004,0.43551397637795314,445.966311811024,0.950227499997709,NVIDIA GeForce RTX 4080 Laptop GPU/PCIe/SSE2,08cbcb4555bd6df102e797b7c9d65460be0db21562fd33c6db4785c972d2901e,bcd1f914a136cef812acb7ac20cd7d6b0c48ff913a3744a4b043d32b8172201b,b3dc58b8c7ba63eaee2d4148230da6d74152055ae5be60995e253548f9917a24
probe2-sphere-s5,measurement,82,2,128,5000015,1024,160,100,8,1016,0.4189121000000001,0.4123150590551182,422.21062047244106,0.9233190000086324,NVIDIA GeForce RTX 4080 Laptop GPU/PCIe/SSE2,08cbcb4555bd6df102e797b7c9d65460be0db21562fd33c6db4785c972d2901e,c807d381a2c664337a8a27ddd967797255cdf871e86916c6ab653f85bfc08a1b,dbe6ce84e53f0186e1c28927f1254e649bdc9adbf00d021940d889381cd7c615
probe2-spins-s0,measurement,82,2,896,0,1024,160,100,8,1016,1.0200468000000011,1.0039830708661428,1028.0786645669302,1.5409338000026764,NVIDIA GeForce RTX 4080 Laptop GPU/PCIe/SSE2,08cbcb4555bd6df102e797b7c9d65460be0db21562fd33c6db4785c972d2901e,4c9e1f84fbf910bf40afb0d7fe144254d2811553764fbe47e0465372992a267a,1aa25c43699de03993921f494296e4e555e92a8306aa9098c50ba9fe341169a9
probe2-spins-s1,measurement,82,2,896,1000003,1024,160,100,8,1016,0.9470494000000002,0.9321352362204726,954.5064818897639,1.469503000000259,NVIDIA GeForce RTX 4080 Laptop GPU/PCIe/SSE2,08cbcb4555bd6df102e797b7c9d65460be0db21562fd33c6db4785c972d2901e,cc0e610b8ed15bf939ae8d3c9266c2887e8d927ae5ca22db4c7006a6b404442c,48e55eef76fa88cd90cf4f97af1a2ce61fb21f514bbbb613dfb4ea7ded70a165
probe2-spins-s2,measurement,82,2,896,2000006,1024,160,100,8,1016,1.0504048999999993,1.0338630905511805,1058.6758047244089,1.5508722999948077,NVIDIA GeForce RTX 4080 Laptop GPU/PCIe/SSE2,08cbcb4555bd6df102e797b7c9d65460be0db21562fd33c6db4785c972d2901e,ef9a51251e887d6601ce9239275deacb3093ca326b614ece7e3c1adb9b29fe9e,5cb6519aa8312bcb7e0150acf2d85fb3c0238cc286b0721bff2ef4d5bf5f1b29
probe2-spins-s3,measurement,82,2,896,3000009,1024,160,100,8,1016,1.0182031000000005,1.0021684055118116,1026.220447244095,1.5914858000032837,NVIDIA GeForce RTX 4080 Laptop GPU/PCIe/SSE2,08cbcb4555bd6df102e797b7c9d65460be0db21562fd33c6db4785c972d2901e,f70c0f71d96e3cf8947a4859ad3d83fe40f70065ebe2282ee372a9395e9b25c0,85beb5008a649f8c567759a27612e4c5e0f173a338cc4f19201a451e2b609702
probe2-spins-s4,measurement,82,2,896,4000012,1024,160,100,8,1016,1.0496400000000006,1.033110236220473,1057.9048818897643,1.571368100005202,NVIDIA GeForce RTX 4080 Laptop GPU/PCIe/SSE2,08cbcb4555bd6df102e797b7c9d65460be0db21562fd33c6db4785c972d2901e,98c72031fbeb523137dee49420a7fc04bd557a1a816e49e8dcbcc41c280036d5,c9f6db0bd943583f536a3c69ce6d04cd990628c9f8077f6a874fcce6b36cd1b4
probe2-spins-s5,measurement,82,2,896,5000015,1024,160,100,8,1016,1.018327499999998,1.002290846456691,1026.3458267716517,1.5313354000099935,NVIDIA GeForce RTX 4080 Laptop GPU/PCIe/SSE2,08cbcb4555bd6df102e797b7c9d65460be0db21562fd33c6db4785c972d2901e,fbb06a7e107f473ed4c7fc6e06ff2d338263b426d454d635f62e2bd77d3df92f,728ac3bb6c75bcc521d07e243e29fed1a76fcf52a4ba910f6cd52e503c9b8392
probe2-ut-s0,measurement,82,2,1024,0,1024,160,100,8,1016,0.3915399000000005,0.38537391732283516,394.6228913385832,0.9211608999903547,NVIDIA GeForce RTX 4080 Laptop GPU/PCIe/SSE2,08cbcb4555bd6df102e797b7c9d65460be0db21562fd33c6db4785c972d2901e,b93b542a3d13f72b5dc694a02e32c6115c1513ee6bf6166b3ba7d0326fcbe2c2,86c885e6fd3a881d508a6908fff89895a328f9dfe66dd3c28285c2f2779953db
probe2-ut-s1,measurement,82,2,1024,1000003,1024,160,100,8,1016,0.37538440000000006,0.3694728346456694,378.34018267716544,0.8787319999973988,NVIDIA GeForce RTX 4080 Laptop GPU/PCIe/SSE2,08cbcb4555bd6df102e797b7c9d65460be0db21562fd33c6db4785c972d2901e,a21a321e49da9fd285f7d2a4d6f491ca3f39e3c01cff35d5f2613b7a4048aa83,e7138f6dd7548a704926b0fc3a2c05af4cb5c26891f87409fe1ce6121e0bf077
probe2-ut-s2,measurement,82,2,1024,2000006,1024,160,100,8,1016,0.38124060000000054,0.37523681102362255,384.2424944881895,0.9009956000081729,NVIDIA GeForce RTX 4080 Laptop GPU/PCIe/SSE2,08cbcb4555bd6df102e797b7c9d65460be0db21562fd33c6db4785c972d2901e,e32f2c80122bad49501ec1225cc298d6ab3c858740a833fc6642ec451c4516c6,122313b4dd4edb9f3639a838918fd0280ab5f30065cef72405e3f55a02285290
probe2-ut-s3,measurement,82,2,1024,3000009,1024,160,100,8,1016,0.3851914,0.37912539370078746,388.22440314960636,0.8724482999969041,NVIDIA GeForce RTX 4080 Laptop GPU/PCIe/SSE2,08cbcb4555bd6df102e797b7c9d65460be0db21562fd33c6db4785c972d2901e,7e83a298a049516896be38b8b2ce3577fd1d1a991aa3cd5beeb4de482c1e64c2,85ec055cd4e8dcab8e877f9997e1ca1d3e5b200965e74e39aafd4e183d5f85ae
probe2-ut-s4,measurement,82,2,1024,4000012,1024,160,100,8,1016,0.37637639999999994,0.3704492125984251,379.3399937007873,0.8879057000012835,NVIDIA GeForce RTX 4080 Laptop GPU/PCIe/SSE2,08cbcb4555bd6df102e797b7c9d65460be0db21562fd33c6db4785c972d2901e,c79b791428ac3e1fb6b72c1d7ba9616130273abcabdbf6d54c0f4a5c3e38d2f8,e4b512c66bb9bf58623c652afe3d2ba105ae887180f2c85e8362769cd4a0b871
probe2-ut-s5,measurement,82,2,1024,5000015,1024,160,100,8,1016,0.36655620000000033,0.36078366141732315,369.4424692913389,0.8605654999992112,NVIDIA GeForce RTX 4080 Laptop GPU/PCIe/SSE2,08cbcb4555bd6df102e797b7c9d65460be0db21562fd33c6db4785c972d2901e,8be358411265b64c1542ec21b007d649482614a51304bdb4d370220e424d92ef,28495844183c051ba12e757a402fe35571484fac426e7faf85773850990428f4
probe2-uv-s0,measurement,82,2,8,0,1024,160,100,8,1016,0.3366847,0.3313825787401575,339.33576062992125,0.8317643000045791,NVIDIA GeForce RTX 4080 Laptop GPU/PCIe/SSE2,08cbcb4555bd6df102e797b7c9d65460be0db21562fd33c6db4785c972d2901e,46f1dc40c67da2d695bc2156d164a402a98dc78d605759c5da6790cca163e732,f3bc84afb62aa341560733f36277f72cacb53fe00020aa4e50c370f326ad1cb2
probe2-uv-s1,measurement,82,2,8,1000003,1024,160,100,8,1016,0.3648515000000003,0.35910580708661444,367.7243464566932,0.8627858999971068,NVIDIA GeForce RTX 4080 Laptop GPU/PCIe/SSE2,08cbcb4555bd6df102e797b7c9d65460be0db21562fd33c6db4785c972d2901e,0fa6bf1caaf7fd4a9bca0bd3f1b67929f5c3574adcdf0bb6977fbe421e485521,3ecb5af897c705b7a0841da994259f1177876d7df519a1ae2723efbf8edf9985
probe2-uv-s2,measurement,82,2,8,2000006,1024,160,100,8,1016,0.34130950000000015,0.3359345472440946,343.9969763779529,0.8287559000018518,NVIDIA GeForce RTX 4080 Laptop GPU/PCIe/SSE2,08cbcb4555bd6df102e797b7c9d65460be0db21562fd33c6db4785c972d2901e,6e9cd426d3bbca422ee31b27448bb095199c12c2b6b8b9eda1273573729dcddf,0f53d15ca9b3870db3860a25846a431f94d428be7bb7d95bc3992f303ec85043
probe2-uv-s3,measurement,82,2,8,3000009,1024,160,100,8,1016,0.38021390000000077,0.3742262795275598,383.20771023622126,0.9473244999971939,NVIDIA GeForce RTX 4080 Laptop GPU/PCIe/SSE2,08cbcb4555bd6df102e797b7c9d65460be0db21562fd33c6db4785c972d2901e,dea8758dd945bd5e062427f954982680c7032d44124af176b7f0970200d2c9a6,12a3cbed424b986c90f5ced1d628468a21af0ae2a6ad05c21838a0aecb43817d
probe2-uv-s4,measurement,82,2,8,4000012,1024,160,100,8,1016,0.3842268000000001,0.3781759842519686,387.2522078740158,0.8960794000013266,NVIDIA GeForce RTX 4080 Laptop GPU/PCIe/SSE2,08cbcb4555bd6df102e797b7c9d65460be0db21562fd33c6db4785c972d2901e,b5e34e69e9a808a4eb57eb5fde4cbb14da17bfa9f6d8bf9d3e05e22fdc12bcfa,a920fb51c566d44fc55c744e4713f804ca77789cac1fedef2fd96d27134cab84
probe2-uv-s5,measurement,82,2,8,5000015,1024,160,100,8,1016,0.4080431,0.4016172244094488,411.2560377952756,0.9198921000061091,NVIDIA GeForce RTX 4080 Laptop GPU/PCIe/SSE2,08cbcb4555bd6df102e797b7c9d65460be0db21562fd33c6db4785c972d2901e,994073aebd7c3768c016c89453d73702131a9487f94efeeed86cd0f897e4e4b6,3ae0281904a1f85a78f13fa4713f056facfab7ad9b69a12e951be4b692716c6a
probe2-uv-sphere-s0,measurement,82,2,136,0,1024,160,100,8,1016,0.5888992000000004,0.5796251968503942,593.5362015748036,1.0832586000033189,NVIDIA GeForce RTX 4080 Laptop GPU/PCIe/SSE2,08cbcb4555bd6df102e797b7c9d65460be0db21562fd33c6db4785c972d2901e,e2f7394a5288bf29ab9bf2d785e480bacf78f4ed4bd7ad53d8c4d6280b8fc666,0220f72bf6a4d32e3ba8972b9dc10b9a6dac13bfba7462d3865a9ca8ff890e47
probe2-uv-sphere-s1,measurement,82,2,136,1000003,1024,160,100,8,1016,0.6667741999999991,0.6562738188976368,672.0243905511801,1.1882881999918027,NVIDIA GeForce RTX 4080 Laptop GPU/PCIe/SSE2,08cbcb4555bd6df102e797b7c9d65460be0db21562fd33c6db4785c972d2901e,e1f74fb8ad929bac8d7e71d8edab68c30fddc50731e54b8ebf2c18d673af8efb,81cf9d808eba2ef393dc4e38e326a3ac764ef5c6113a4f87d2540abd83c70da8
probe2-uv-sphere-s2,measurement,82,2,136,2000006,1024,160,100,8,1016,0.5965629000000007,0.5871682086614181,601.2602456692921,1.1265725000121165,NVIDIA GeForce RTX 4080 Laptop GPU/PCIe/SSE2,08cbcb4555bd6df102e797b7c9d65460be0db21562fd33c6db4785c972d2901e,512ab8eaca1a408198f92c385d82c00d805fbaaf1e49c8c3ad7575bac5d28c0a,9861c855faf69751e6342684e5bab0e6fbc37dc6a9bbbe2d7575e719df50d5b5
probe2-uv-sphere-s3,measurement,82,2,136,3000009,1024,160,100,8,1016,0.6282883,0.6183939960629922,633.235451968504,1.19017289999465,NVIDIA GeForce RTX 4080 Laptop GPU/PCIe/SSE2,08cbcb4555bd6df102e797b7c9d65460be0db21562fd33c6db4785c972d2901e,155e6aad101a8fce16d9c6d2219f6b790af65766a0dc175f995bbf2bca0ae2a9,2628e7433f99cf1b986800820c188361fbce9eca04214319a1e353796107abab
probe2-uv-sphere-s4,measurement,82,2,136,4000012,1024,160,100,8,1016,0.6213798999999995,0.6115943897637791,626.2726551181098,1.1613524000131292,NVIDIA GeForce RTX 4080 Laptop GPU/PCIe/SSE2,08cbcb4555bd6df102e797b7c9d65460be0db21562fd33c6db4785c972d2901e,ab640100ab75b065c7aebc0c768a16edb089e5548beecb86f82710ed230bd3f2,97ac005f819300f2c71e80762f02ff86ae2d07d58ca2dfc1b786b8ef06e8fecd
probe2-uv-sphere-s5,measurement,82,2,136,5000015,1024,160,100,8,1016,0.6006632,0.591203937007874,605.392831496063,1.0931062000017846,NVIDIA GeForce RTX 4080 Laptop GPU/PCIe/SSE2,08cbcb4555bd6df102e797b7c9d65460be0db21562fd33c6db4785c972d2901e,7f0ea271f7c39fa696b130556e76ed8a858a17260fa95bc52f72797fa1d64100,94fe659de0154fd1873f93f2f561d2604317ff4eba44ed4e250feb4d7eb5288a
probe2-vt-s0,measurement,82,2,2048,0,1024,160,100,8,1016,0.40957220000000005,0.40312224409448827,412.797177952756,0.8988755000027595,NVIDIA GeForce RTX 4080 Laptop GPU/PCIe/SSE2,08cbcb4555bd6df102e797b7c9d65460be0db21562fd33c6db4785c972d2901e,d73cd7c35122a67d69aadeaaac6648806fe6115077bbf405d8214bec2fb18cd8,69ff301b13754fe0c100b4e4670a8498696245c5b9975fad6e773aaade8486c7
probe2-vt-s1,measurement,82,2,2048,1000003,1024,160,100,8,1016,0.4156991000000003,0.40915265748031526,418.97232125984283,0.9481491000042297,NVIDIA GeForce RTX 4080 Laptop GPU/PCIe/SSE2,08cbcb4555bd6df102e797b7c9d65460be0db21562fd33c6db4785c972d2901e,0a0f1002593ece4dfc2550a64acdd84579cd4bccf445b65e33efb804dcee6736,0bb73fe64e25bc51fde64d319f9078df41d943ecd5b6485cb81464969174c1fd
probe2-vt-s2,measurement,82,2,2048,2000006,1024,160,100,8,1016,0.41178950000000114,0.40530462598425304,415.0319370078751,0.9273029999894788,NVIDIA GeForce RTX 4080 Laptop GPU/PCIe/SSE2,08cbcb4555bd6df102e797b7c9d65460be0db21562fd33c6db4785c972d2901e,38cc2fa99043e366095b0de0b35f232f2f97362df8625730288da853abf3933e,4607c1052072738631e9f13c5dcad2ddafacb8c3f7c3164781c6e43e10645b74
probe2-vt-s3,measurement,82,2,2048,3000009,1024,160,100,8,1016,0.3711222999999998,0.3652778543307084,374.0445228346454,0.9007199000043329,NVIDIA GeForce RTX 4080 Laptop GPU/PCIe/SSE2,08cbcb4555bd6df102e797b7c9d65460be0db21562fd33c6db4785c972d2901e,761f4356c1fe4d9021dbadaef7436b043beed7c2066f974a0f2ebadc04921b4a,409be2f22fb983490d2d8a9abab7cca5b8eefc30cc8517c8890100fdfb92120e
probe2-vt-s4,measurement,82,2,2048,4000012,1024,160,100,8,1016,0.4234445000000002,0.4167760826771656,426.77870866141757,0.92543360000127,NVIDIA GeForce RTX 4080 Laptop GPU/PCIe/SSE2,08cbcb4555bd6df102e797b7c9d65460be0db21562fd33c6db4785c972d2901e,745b714f86a2449860bfd79144db7871070be28835c09f7e8c58e31ff20e8e6e,aacb224c033868755a073a3eee722b4e7a3e7319044c7d23db07323eb95e9395
probe2-vt-s5,measurement,82,2,2048,5000015,1024,160,100,8,1016,0.40013609999999955,0.39383474409448777,403.2867779527555,0.9416548000008333,NVIDIA GeForce RTX 4080 Laptop GPU/PCIe/SSE2,08cbcb4555bd6df102e797b7c9d65460be0db21562fd33c6db4785c972d2901e,9edf9504254e7371072341ac8ff2c27a2c58af681c8a2095402f36fd79a3df15,efcae75815b5c7a27294c4796bd568889df1a70d0314b64ab359c228851b51d9
probe3-planes-s0,measurement,82,3,3080,0,1024,160,100,8,1016,0.4913179000000005,0.48358061023622095,495.18654488189026,1.0212726999889128,NVIDIA GeForce RTX 4080 Laptop GPU/PCIe/SSE2,08cbcb4555bd6df102e797b7c9d65460be0db21562fd33c6db4785c972d2901e,6e9bbfc1a49a95a0bbfd18ca0babc7580847b30e653f40c35e09a57634eed353,87c6acd7595ae1432573783904d6b7d01fd656298bfbac7230bf889dfb1fb153
probe3-planes-s1,measurement,82,3,3080,1000003,1024,160,100,8,1016,0.4941745000000003,0.4863922244094491,498.0656377952759,0.9852495999948587,NVIDIA GeForce RTX 4080 Laptop GPU/PCIe/SSE2,08cbcb4555bd6df102e797b7c9d65460be0db21562fd33c6db4785c972d2901e,4bbd8c419d61b958437e6cdaaf2cf9d281ef83779a03b6504785ea58c93e8dd5,2613a455d05b332f017141fab9c5503225e171c12e024fd614d0300ac8b4b481
probe3-planes-s2,measurement,82,3,3080,2000006,1024,160,100,8,1016,0.4920220000000002,0.4842736220472443,495.89618897637814,1.0396636999939801,NVIDIA GeForce RTX 4080 Laptop GPU/PCIe/SSE2,08cbcb4555bd6df102e797b7c9d65460be0db21562fd33c6db4785c972d2901e,541de6c17002f115fb4f255bdd897a7a81da82821e3e8521e2c3c771628f5d4f,76425fbffdc8d76c95c0ec79548888e5ecb46aeeaf06830136d573b67883d8f8
probe3-planes-s3,measurement,82,3,3080,3000009,1024,160,100,8,1016,0.4944877999999994,0.48670059055118053,498.38140472440887,0.9814362000033725,NVIDIA GeForce RTX 4080 Laptop GPU/PCIe/SSE2,08cbcb4555bd6df102e797b7c9d65460be0db21562fd33c6db4785c972d2901e,8a0d0ba20cbbb423d6c5df17251513f39ffdca7b7f587903631de4494ec66bb5,0889157c0c4ca686aa7b5a7edd17ef9a30648d5146a5edf3bdf938f0d2806f0c
probe3-planes-s4,measurement,82,3,3080,4000012,1024,160,100,8,1016,0.4803309999999999,0.4727667322834645,484.11313385826764,0.9889788000000408,NVIDIA GeForce RTX 4080 Laptop GPU/PCIe/SSE2,08cbcb4555bd6df102e797b7c9d65460be0db21562fd33c6db4785c972d2901e,bc78680a5c9502be8e432b7b65d5cb3129d6ed9be49270a4b2f1297039518c20,e7176fbe00b111fbc2a92438049bcf2885e00fd88fffa30d3adbf800402f2441
probe3-planes-s5,measurement,82,3,3080,5000015,1024,160,100,8,1016,0.4823875000000002,0.4747908464566931,486.18582677165375,0.99085180000111,NVIDIA GeForce RTX 4080 Laptop GPU/PCIe/SSE2,08cbcb4555bd6df102e797b7c9d65460be0db21562fd33c6db4785c972d2901e,ca4a96a1e38352f9617842b03e3e212df1321d3fc5c169feda12785e5af0b01c,bb57efe6737a21d118de0f6bca9047658bd66d3a78c2a97bcac5970d405a830e
probe3-six-s0,measurement,82,3,3976,0,1024,160,100,8,1016,1.2435707999999988,1.2239870078740145,1253.3626960629908,1.7867178000014974,NVIDIA GeForce RTX 4080 Laptop GPU/PCIe/SSE2,08cbcb4555bd6df102e797b7c9d65460be0db21562fd33c6db4785c972d2901e,384837c87ab832b7f56bc678d511ff92f5e6942ee752e32cce4b165fa36b9d62,883205867b02a637376d1d941750c716016b9817bea573d2efb58f6a4d928a09
probe3-six-s1,measurement,82,3,3976,1000003,1024,160,100,8,1016,1.3356975999999992,1.3146629921259834,1346.214903937007,1.8458574999967823,NVIDIA GeForce RTX 4080 Laptop GPU/PCIe/SSE2,08cbcb4555bd6df102e797b7c9d65460be0db21562fd33c6db4785c972d2901e,a2fa7e3cf81710778f37bb4271969443fda83fdd49502611c48060c7836f624b,f0c10203fe74ed5da3badcbcc255ff287aef6bd322752dceadfc1f7b636039b7
probe3-six-s2,measurement,82,3,3976,2000006,1024,160,100,8,1016,1.2958878999999996,1.2754802165354329,1306.0917417322833,1.816343099999358,NVIDIA GeForce RTX 4080 Laptop GPU/PCIe/SSE2,08cbcb4555bd6df102e797b7c9d65460be0db21562fd33c6db4785c972d2901e,e1a2259ca51dbac9234bfa9284dae65f8d0c4db331ed4aafc372ce5511600a50,eff815e16e8de56b528dbf7e1872848431a53f00c54bfbae132f19e89644e192
probe3-six-s3,measurement,82,3,3976,3000009,1024,160,100,8,1016,1.295922899999999,1.2755146653543297,1306.1270173228336,1.8300484999926994,NVIDIA GeForce RTX 4080 Laptop GPU/PCIe/SSE2,08cbcb4555bd6df102e797b7c9d65460be0db21562fd33c6db4785c972d2901e,cdebf6f78b594a0f142379bfd2283ef18a8dcc2ea7230aaec57abe2fb396fba1,fe6fa17f3291990290c70357f8034b22ffe1eab5e6abe9c5d25940abd98c3a8a
probe3-six-s4,measurement,82,3,3976,4000012,1024,160,100,8,1016,1.262098699999999,1.242223129921259,1272.0364850393692,1.8188513000059174,NVIDIA GeForce RTX 4080 Laptop GPU/PCIe/SSE2,08cbcb4555bd6df102e797b7c9d65460be0db21562fd33c6db4785c972d2901e,4a598bb51f524656dc7d0d8506190ecc3bd61a2a8837ac63d7f9bc926c6644e4,7e48e6902323b7a47b65de7a54330063fcf87faedad9220a8cc665f53dba8f10
probe3-six-s5,measurement,82,3,3976,5000015,1024,160,100,8,1016,1.370823999999999,1.34923622047244,1381.6178897637785,1.906518199990387,NVIDIA GeForce RTX 4080 Laptop GPU/PCIe/SSE2,08cbcb4555bd6df102e797b7c9d65460be0db21562fd33c6db4785c972d2901e,e6f71d76cb938e2a70c9e8d8519b3d0bb077c8bd45f47a5eb38cb3c3be432a8e,8d3f412bc032425c71ba91a02590530430eb21895701f69cef03155f2624e44b
probe3-sphere-s0,measurement,82,3,128,0,1024,160,100,8,1016,0.3908395999999999,0.3846846456692912,393.9170771653542,0.934838100001798,NVIDIA GeForce RTX 4080 Laptop GPU/PCIe/SSE2,08cbcb4555bd6df102e797b7c9d65460be0db21562fd33c6db4785c972d2901e,750e3cfa62c4b2514e410e0b78bbd9a69910f1960d3833104d59efb3e5a0e8d9,01d3ea205244c8ae3c0f7553cbbfdfa22fe88c604e36c886bb9e93a138932019
probe3-sphere-s1,measurement,82,3,128,1000003,1024,160,100,8,1016,0.3727137999999998,0.3668442913385825,375.64855433070846,0.8533120999927633,NVIDIA GeForce RTX 4080 Laptop GPU/PCIe/SSE2,08cbcb4555bd6df102e797b7c9d65460be0db21562fd33c6db4785c972d2901e,5f2666fcbc6713d4c9faa503fa7f9259b2691054fba90e7c8545ab928a90641d,7ad952838a6f59ea8dddbc40c68c6dfce52cea48e10303ed4bcda83edcb609b2
probe3-sphere-s2,measurement,82,3,128,2000006,1024,160,100,8,1016,0.3968787999999998,0.3906287401574801,400.00382992125964,0.88391020000563,NVIDIA GeForce RTX 4080 Laptop GPU/PCIe/SSE2,08cbcb4555bd6df102e797b7c9d65460be0db21562fd33c6db4785c972d2901e,6fd20d67df9ef8944483960b483fe68b6fe38bc70f95e29ffbc03f779cc119cc,e394abf2f719a94ff7aec7dcbf202eaa39bfd3f0d6d9cf5e39934397819759a6
probe3-sphere-s3,measurement,82,3,128,3000009,1024,160,100,8,1016,0.3894920999999994,0.38335836614173174,392.5589669291333,0.9129491999919992,NVIDIA GeForce RTX 4080 Laptop GPU/PCIe/SSE2,08cbcb4555bd6df102e797b7c9d65460be0db21562fd33c6db4785c972d2901e,8dc3665f41b70f31547cd66425dd3d4815ca73d77a3c7b03a833848e41d731e6,611523a6823d3c680e5ee8c26cb1e09db6b799fcd6c1172a69c26ff00dd80baa
probe3-sphere-s4,measurement,82,3,128,4000012,1024,160,100,8,1016,0.38597679999999956,0.37989842519684996,389.01598740157436,0.9262981000065338,NVIDIA GeForce RTX 4080 Laptop GPU/PCIe/SSE2,08cbcb4555bd6df102e797b7c9d65460be0db21562fd33c6db4785c972d2901e,c178db2de4aa3338008ee90fcdef697730df61127e4ecf75565ac4d90c8c8efd,ff607074483d0aae24c35f529bc42afcae2ddd53fb9cc64428016d26cdc742d3
probe3-sphere-s5,measurement,82,3,128,5000015,1024,160,100,8,1016,0.37470349999999975,0.3688026574803147,377.65392125984226,0.9149081999930786,NVIDIA GeForce RTX 4080 Laptop GPU/PCIe/SSE2,08cbcb4555bd6df102e797b7c9d65460be0db21562fd33c6db4785c972d2901e,b189a6f3c231df72781fac0de73ec5b411769ebcec374ec14e87e7e447b73a8a,061091e994b145a9b0563746eb0b39b945a9cf247fbc72c3ca17c6c0c396a128
probe3-spins-s0,measurement,82,3,896,0,1024,160,100,8,1016,1.004936199999999,0.9891104330708652,1012.849083464566,1.5706452000013087,NVIDIA GeForce RTX 4080 Laptop GPU/PCIe/SSE2,08cbcb4555bd6df102e797b7c9d65460be0db21562fd33c6db4785c972d2901e,58ea020fb6b6ecd52a4417429a7fb1afba7c5d976d5ed2175d8a994c8f4ddb6d,6c97bc94ec105f23c0945d14ebf47d22b6d497d620936b4853aa098b672f83db
probe3-spins-s1,measurement,82,3,896,1000003,1024,160,100,8,1016,0.8969714000000023,0.8828458661417345,904.0341669291362,1.4080233999993652,NVIDIA GeForce RTX 4080 Laptop GPU/PCIe/SSE2,08cbcb4555bd6df102e797b7c9d65460be0db21562fd33c6db4785c972d2901e,88da3d1ef630b7f4fa7919c19c350b8dd7c416f8b81f83a59e765fe198c2ee0b,94a47cb30a440e8a5edcc1dee02166b3e721ee7a85c5c1bb26694f0faba9ad63
probe3-spins-s2,measurement,82,3,896,2000006,1024,160,100,8,1016,0.9070077000000002,0.8927241141732286,914.1494929133861,1.3877140999975381,NVIDIA GeForce RTX 4080 Laptop GPU/PCIe/SSE2,08cbcb4555bd6df102e797b7c9d65460be0db21562fd33c6db4785c972d2901e,9c7bc889e1f112c2d012cee633e4a0f1e08e4c224d5a88a61967129ba6950a23,799dd7115fc923a8cd65b106b96a07a546c07fc2982e658abdf98a5a90fa67be
probe3-spins-s3,measurement,82,3,896,3000009,1024,160,100,8,1016,0.9541403999999991,0.939114566929133,961.6533165354322,1.4968096000084188,NVIDIA GeForce RTX 4080 Laptop GPU/PCIe/SSE2,08cbcb4555bd6df102e797b7c9d65460be0db21562fd33c6db4785c972d2901e,4eb9a6129d29c5a82130d6a2f9d143a1891d9b98ed26e594bef3eca27e508d27,d2a83eab3ede72a2545eb5a77a20a46b44c0476903fd2bef0e2ada1f5c8fe2f7
probe3-spins-s4,measurement,82,3,896,4000012,1024,160,100,8,1016,0.8808703000000007,0.8669983267716541,887.8062866141738,1.3966796000022441,NVIDIA GeForce RTX 4080 Laptop GPU/PCIe/SSE2,08cbcb4555bd6df102e797b7c9d65460be0db21562fd33c6db4785c972d2901e,ceed8d9cfa2d6434dfd82f2b150b3e5443ef452f1b2ed64e1ed36118278daf49,81d8c11e3dd1be502d7a77228b9d17736a5795aae203fed4f446e23195832bcb
probe3-spins-s5,measurement,82,3,896,5000015,1024,160,100,8,1016,0.8990174999999992,0.8848597440944874,906.0963779527551,1.4091958999924827,NVIDIA GeForce RTX 4080 Laptop GPU/PCIe/SSE2,08cbcb4555bd6df102e797b7c9d65460be0db21562fd33c6db4785c972d2901e,8d2d45f349795aeb02dab8d81f5116c675bfeb1bb7e565dae38de161f00b6e7b,cb8fd6e3df30a6decb6ff7f1affe003a74d1a7bb131c39c45d3f1ea752c30e98
probe3-ut-s0,measurement,82,3,1024,0,1024,160,100,8,1016,0.33017299999999994,0.32497342519685035,332.77278740157476,0.8541657000023406,NVIDIA GeForce RTX 4080 Laptop GPU/PCIe/SSE2,08cbcb4555bd6df102e797b7c9d65460be0db21562fd33c6db4785c972d2901e,6cb60b7a4365a8f301254e609ea568891fd4fc1acbb8ac45e04400007efb2427,090785a6748008e09be4f0060630a1a9c1613f3cb5c619b0cb6091c0099ae9f6
probe3-ut-s1,measurement,82,3,1024,1000003,1024,160,100,8,1016,0.3618368000000002,0.3561385826771655,364.6859086614175,0.8610456000023987,NVIDIA GeForce RTX 4080 Laptop GPU/PCIe/SSE2,08cbcb4555bd6df102e797b7c9d65460be0db21562fd33c6db4785c972d2901e,aa9db367ccae530bbc00e0bbe2694caaf798a558ae209645387135f7acd17d2c,f8f925d1a35be5ccac2e4f0e8da8d0b4e6ad956140f370c56f3397ef43a89643
probe3-ut-s2,measurement,82,3,1024,2000006,1024,160,100,8,1016,0.35145769999999976,0.3459229330708659,354.2250834645667,0.8479570000054082,NVIDIA GeForce RTX 4080 Laptop GPU/PCIe/SSE2,08cbcb4555bd6df102e797b7c9d65460be0db21562fd33c6db4785c972d2901e,605d320b13d0a33eb0e62114129523e4992c4744939864c289d5c3bdbd7a49ff,e09ddfab9b6bb4258a9b2fa8fab22760edbd8592fbc0b4f0a9a862ad76abe353
probe3-ut-s3,measurement,82,3,1024,3000009,1024,160,100,8,1016,0.3918377999999989,0.38566712598425085,394.92313700787287,0.9398424999963026,NVIDIA GeForce RTX 4080 Laptop GPU/PCIe/SSE2,08cbcb4555bd6df102e797b7c9d65460be0db21562fd33c6db4785c972d2901e,6b1e80cf058ed3affe8f0001a6a83a20a99e3e323fdedb03c82dc910b1a0a1d7,c164d146303bc586d7398e70e9a98ffe2de898f5a0e8f94dcb0ec64242a19975
probe3-ut-s4,measurement,82,3,1024,4000012,1024,160,100,8,1016,0.35634279999999996,0.35073110236220467,359.1486488188976,0.8581973999971524,NVIDIA GeForce RTX 4080 Laptop GPU/PCIe/SSE2,08cbcb4555bd6df102e797b7c9d65460be0db21562fd33c6db4785c972d2901e,b8bc2f9174cd2a33e9ea7c70c2decaad44f5c92d1af421e1730e163db45d4070,2492cb6b2236634d6c60aec830e4d7f9383df377cb6541966fbf738a402ca559
probe3-ut-s5,measurement,82,3,1024,5000015,1024,160,100,8,1016,0.3483188000000002,0.3428334645669293,351.0614677165356,0.8318685999984154,NVIDIA GeForce RTX 4080 Laptop GPU/PCIe/SSE2,08cbcb4555bd6df102e797b7c9d65460be0db21562fd33c6db4785c972d2901e,cd19227f006b83fa753d714f19e4162991b76768d6672a8c6575de221de22100,7c78cd52aa96f29c2e5b978a37d9d5fd9a2b85ad5d319a17ba57f9af99057190
probe3-uv-s0,measurement,82,3,8,0,1024,160,100,8,1016,0.36124150000000044,0.3555526574803154,364.08592125984296,0.9103675999940606,NVIDIA GeForce RTX 4080 Laptop GPU/PCIe/SSE2,08cbcb4555bd6df102e797b7c9d65460be0db21562fd33c6db4785c972d2901e,6a488d2c218cf646c9f1ec370ec007e281d6c27480dddaf87cfa105fb767ecf0,34fab6e76a6132340388a1f41a792d791413217f699d8c9984f92ecf8cbbdda9
probe3-uv-s1,measurement,82,3,8,1000003,1024,160,100,8,1016,0.3496965000000001,0.34418946850393706,352.45001574803155,0.8438614000042435,NVIDIA GeForce RTX 4080 Laptop GPU/PCIe/SSE2,08cbcb4555bd6df102e797b7c9d65460be0db21562fd33c6db4785c972d2901e,eb6263d3a92e77abed276bcb5c3924615899151b870c11615c1129779796a86c,3db4802e55c3c5701e097157f874f566beac95ab68c74f23969e85a262661e55
probe3-uv-s2,measurement,82,3,8,2000006,1024,160,100,8,1016,0.3553070000000005,0.3497116141732288,358.1046929133863,0.8681153000070481,NVIDIA GeForce RTX 4080 Laptop GPU/PCIe/SSE2,08cbcb4555bd6df102e797b7c9d65460be0db21562fd33c6db4785c972d2901e,f9062900da16ed0d63c90844aa81bfaad7d48de716bd69605f2cfd296363a0a7,9fbffc55dc3cadcc32a375a9014f83d29f3d0dbfe11fb3bf302d6f290786ef9d
probe3-uv-s3,measurement,82,3,8,3000009,1024,160,100,8,1016,0.36391089999999976,0.3581800196850391,366.77634015748004,0.8605271999986144,NVIDIA GeForce RTX 4080 Laptop GPU/PCIe/SSE2,08cbcb4555bd6df102e797b7c9d65460be0db21562fd33c6db4785c972d2901e,8611677434b26149644a09a9f4c7d476a39362f5d42d823fe0e5d529ef57173e,67c0254814b877373d0c0653d7f520e7cbf362d6b21cbcc21de8923aaade86fe
probe3-uv-s4,measurement,82,3,8,4000012,1024,160,100,8,1016,0.38568830000000115,0.37961446850393815,388.72521574803267,0.9650863999995636,NVIDIA GeForce RTX 4080 Laptop GPU/PCIe/SSE2,08cbcb4555bd6df102e797b7c9d65460be0db21562fd33c6db4785c972d2901e,1c97a4bf347ab1c3087b18b854d5ef6b17c63503e1bf2ef6fd18605678bd9143,3e5f970ea02ec80001c698bf2cf59963cd48c6b1ae57d0038f67c48c5ca1806b
probe3-uv-s5,measurement,82,3,8,5000015,1024,160,100,8,1016,0.34066579999999985,0.33530098425196836,343.3482078740156,0.8384531000046991,NVIDIA GeForce RTX 4080 Laptop GPU/PCIe/SSE2,08cbcb4555bd6df102e797b7c9d65460be0db21562fd33c6db4785c972d2901e,53c6c4910b29dd8adeaedf34065287bbe47955cd813d70c9dc5b1163a3ab97aa,f06ca13f7ef468e628dd28a30c8096e9d0ae601a1036954b112bdf147703a5c9
probe3-uv-sphere-s0,measurement,82,3,136,0,1024,160,100,8,1016,0.5580023000000002,0.5492148622047246,562.396018897638,1.070664399987436,NVIDIA GeForce RTX 4080 Laptop GPU/PCIe/SSE2,08cbcb4555bd6df102e797b7c9d65460be0db21562fd33c6db4785c972d2901e,4b226f455aca1f3760f2c622c952a6649d723ae22d10e628099c00ed09685bfd,0f2f59d2cf6aacd9a16ce1cad48b6571bece2911e9027e708a09b62972e034d7
probe3-uv-sphere-s1,measurement,82,3,136,1000003,1024,160,100,8,1016,0.5620779999999996,0.5532263779527555,566.5038110236217,1.0855807999905664,NVIDIA GeForce RTX 4080 Laptop GPU/PCIe/SSE2,08cbcb4555bd6df102e797b7c9d65460be0db21562fd33c6db4785c972d2901e,bb1d9247d2907f5fe80db394158384bdf140330b258db77d9349d0ed13779812,e4335b0df1cd1bf68ba1f3ca55f4b35709324e69821067768836e8dd376eb733
probe3-uv-sphere-s2,measurement,82,3,136,2000006,1024,160,100,8,1016,0.5515919999999996,0.5429055118110233,555.9352440944879,1.0598622000106843,NVIDIA GeForce RTX 4080 Laptop GPU/PCIe/SSE2,08cbcb4555bd6df102e797b7c9d65460be0db21562fd33c6db4785c972d2901e,3e3493f68ecfc9767fc401c794b0d2a095a2a3ca4b806c17d113b1bba47b5a7c,c1e04282387d182bf5df5f482bc9156bede6ca8eb05c17932b19f1aa660297cb
probe3-uv-sphere-s3,measurement,82,3,136,3000009,1024,160,100,8,1016,0.5496294000000007,0.5409738188976385,553.9571905511818,1.081778799998574,NVIDIA GeForce RTX 4080 Laptop GPU/PCIe/SSE2,08cbcb4555bd6df102e797b7c9d65460be0db21562fd33c6db4785c972d2901e,240f4e986cabb6be546c94a0af73ebd2782372238ada8c5f5b14cbce5bda6c29,3e34f5cf4062db36cc1a2c717e77e7aa955e568c8fbbfcb7c0b49625d4865475
probe3-uv-sphere-s4,measurement,82,3,136,4000012,1024,160,100,8,1016,0.5569563000000001,0.5481853346456693,561.3417826771654,1.0714248000003863,NVIDIA GeForce RTX 4080 Laptop GPU/PCIe/SSE2,08cbcb4555bd6df102e797b7c9d65460be0db21562fd33c6db4785c972d2901e,340679c3d9cfa4c57e750595e0528ded9f0597e74d20ad404953bc0cc49f5bb9,5cb296518ce037f5aa3e163562d6e3ffc690612efe1632900ed958eea4933745
probe3-uv-sphere-s5,measurement,82,3,136,5000015,1024,160,100,8,1016,0.5113717999999995,0.503318700787401,515.3983496062987,1.0357195999968098,NVIDIA GeForce RTX 4080 Laptop GPU/PCIe/SSE2,08cbcb4555bd6df102e797b7c9d65460be0db21562fd33c6db4785c972d2901e,efd4b70f24a8eafb28830dde900ae1fa7216eb83a877f7cfff605d3856e4edf2,68cb2d8882df5e3780a5f9e2cc099ce057f4c7dacf9c83954984d31dfeaa22a8
probe3-vt-s0,measurement,82,3,2048,0,1024,160,100,8,1016,0.36855799999999994,0.36275393700787395,371.4600314960629,0.8957465999992564,NVIDIA GeForce RTX 4080 Laptop GPU/PCIe/SSE2,08cbcb4555bd6df102e797b7c9d65460be0db21562fd33c6db4785c972d2901e,7d40c44d63a1f2d6af0b22f0e2c35ce90dedae92a6c05147355a453e80a8227e,c5d653b0f441748aa9559e546ccc93154b80cdddf9633a0a232ae138cbcb9199
probe3-vt-s1,measurement,82,3,2048,1000003,1024,160,100,8,1016,0.35844960000000065,0.3528047244094495,361.2720377952763,0.8495480999990832,NVIDIA GeForce RTX 4080 Laptop GPU/PCIe/SSE2,08cbcb4555bd6df102e797b7c9d65460be0db21562fd33c6db4785c972d2901e,320f6322fe5c9032d3447140fb70a63fd39f8842add73598813d5e02db6d6272,377f0adc962f4d9cb8c2e43789049b85e207eb0f9658b3fa4aaac484ff528f60
probe3-vt-s2,measurement,82,3,2048,2000006,1024,160,100,8,1016,0.34280379999999977,0.3374053149606297,345.5030425196848,0.8282351999951061,NVIDIA GeForce RTX 4080 Laptop GPU/PCIe/SSE2,08cbcb4555bd6df102e797b7c9d65460be0db21562fd33c6db4785c972d2901e,07888b3c8185bb325be98c359d76877c479a335491225e104d3f17c475a27e6f,7cd7c968a94fd4b339681fa56ab195d757a6a3bd4674dfbc37fcbcd2bca03f99
probe3-vt-s3,measurement,82,3,2048,3000009,1024,160,100,8,1016,0.3453537,0.3399150590551181,348.07302047244093,0.833873700001277,NVIDIA GeForce RTX 4080 Laptop GPU/PCIe/SSE2,08cbcb4555bd6df102e797b7c9d65460be0db21562fd33c6db4785c972d2901e,1dba5152c07f988945b90aa7ff38ad04e00aa530973b1978a903c6496b0d8f14,dbe39e1a31ac9f21b7ff759088ed01de8b76914b0df53036fc676812d3e0e450
probe3-vt-s4,measurement,82,3,2048,4000012,1024,160,100,8,1016,0.34362110000000046,0.3382097440944887,346.3267779527564,0.8814790000033099,NVIDIA GeForce RTX 4080 Laptop GPU/PCIe/SSE2,08cbcb4555bd6df102e797b7c9d65460be0db21562fd33c6db4785c972d2901e,13127906ee6404a8d59aba41dab1bd0d85d915b0c5d8467eff6cfb6d3382b577,06ed5c1cc7b4d2a180d941f8153315cc007c9997a7840a794f7ca70932ea4dc1
probe3-vt-s5,measurement,82,3,2048,5000015,1024,160,100,8,1016,0.35831219999999936,0.3526694881889757,361.1335559055111,0.8809732000081567,NVIDIA GeForce RTX 4080 Laptop GPU/PCIe/SSE2,08cbcb4555bd6df102e797b7c9d65460be0db21562fd33c6db4785c972d2901e,3b29ae7e1ca50d131fc1174b1c83458e586ea8e30528ac026051afaf49014e10,857199f21eeaa3e72fca28b12256391f0e89c3ea2951313e9f2f0ec44b9ab8a4
probe4-planes-s0,measurement,82,4,3080,0,1024,160,100,8,1016,0.49663700000000005,0.48881594488188984,500.5475275590552,1.0099558000074467,NVIDIA GeForce RTX 4080 Laptop GPU/PCIe/SSE2,08cbcb4555bd6df102e797b7c9d65460be0db21562fd33c6db4785c972d2901e,86725373e01fb8c25c117eea4332470c4276894ca340d3d91bee2dd360ab0e51,7930991c1b54e9c24565838da4b034cf4303cbf06d807d342e09688b70cd7f8b
probe4-planes-s1,measurement,82,4,3080,1000003,1024,160,100,8,1016,0.5439379999999999,0.5353720472440944,548.2209763779526,1.0477010000031441,NVIDIA GeForce RTX 4080 Laptop GPU/PCIe/SSE2,08cbcb4555bd6df102e797b7c9d65460be0db21562fd33c6db4785c972d2901e,d73cbd7879bae20782581f91039407bc567e909d5f662c23d251c62bfe561743,f5e4e068a9248cda996584744a4125c2178fa790745df055855e012838c3b8d9
probe4-planes-s2,measurement,82,4,3080,2000006,1024,160,100,8,1016,0.5672661999999993,0.5583328740157473,571.7328629921252,1.0814977000118233,NVIDIA GeForce RTX 4080 Laptop GPU/PCIe/SSE2,08cbcb4555bd6df102e797b7c9d65460be0db21562fd33c6db4785c972d2901e,bfd9c14329473bce6986a0fc3c6d63e0fbc2714f25b3f3d9a18dd3f03f21f7f2,468e0ca095775c4050cd9a86c911ba781b130ab9e57212c091ddec2dce795f23
probe4-planes-s3,measurement,82,4,3080,3000009,1024,160,100,8,1016,0.4994526,0.4915872047244095,503.3852976377953,0.9753134999918984,NVIDIA GeForce RTX 4080 Laptop GPU/PCIe/SSE2,08cbcb4555bd6df102e797b7c9d65460be0db21562fd33c6db4785c972d2901e,531ae82ad828d8d87ee959cddca9ae02af1cb18aa5ffb7420fb8cc6998d769aa,1b5974c1fe19fb585651d09f8f1dd55c8d8e19e52240bbebffb9313e62b44abd
probe4-planes-s4,measurement,82,4,3080,4000012,1024,160,100,8,1016,0.5223432000000001,0.5141173228346458,526.4561385826773,1.0170547000016086,NVIDIA GeForce RTX 4080 Laptop GPU/PCIe/SSE2,08cbcb4555bd6df102e797b7c9d65460be0db21562fd33c6db4785c972d2901e,9c14cf0b2cc3577a0fc962c55d83ef337bcf5f4a4ac8fc0bf0c2a2c8b991df94,aacc63dd23465b3978c868cf028604575776a4cce1d3597b80e92b18d0596b45
probe4-planes-s5,measurement,82,4,3080,5000015,1024,160,100,8,1016,0.5005717000000002,0.4926886811023624,504.5132094488191,1.0010571000020718,NVIDIA GeForce RTX 4080 Laptop GPU/PCIe/SSE2,08cbcb4555bd6df102e797b7c9d65460be0db21562fd33c6db4785c972d2901e,cb02d324b6da32eb0c1528aa49db027f15fca2ec7622aef687c8bbfd4cceef28,528c37b81c9fbd13ef955e6e68d112bab5ea58351511e9dc1dff2895ee7c621a
probe4-six-s0,measurement,82,4,3976,0,1024,160,100,8,1016,1.299690299999997,1.2792227362204696,1309.9240818897608,1.8447012999968138,NVIDIA GeForce RTX 4080 Laptop GPU/PCIe/SSE2,08cbcb4555bd6df102e797b7c9d65460be0db21562fd33c6db4785c972d2901e,b2dc82e30797bcbefc86a10739196b939781c82829ac6f1675339d7749be105a,82095e6dd33e49335c0b6df4bb1ead345baf29a522a455de9ea0fb878e40943a
probe4-six-s1,measurement,82,4,3976,1000003,1024,160,100,8,1016,1.331329699999999,1.310363877952755,1341.8126110236212,1.8703247999947052,NVIDIA GeForce RTX 4080 Laptop GPU/PCIe/SSE2,08cbcb4555bd6df102e797b7c9d65460be0db21562fd33c6db4785c972d2901e,a39cac12fff62edaf6793c860a7642985d6ceb5bb9aa2458755a9f5ee6578e3b,86f790afc84e8742fcb552e1c9e601855fd4f37baae2f729eb846f099237b2ff
probe4-six-s2,measurement,82,4,3976,2000006,1024,160,100,8,1016,1.3237417000000011,1.3028953740157492,1334.1648629921272,1.8642890000046464,NVIDIA GeForce RTX 4080 Laptop GPU/PCIe/SSE2,08cbcb4555bd6df102e797b7c9d65460be0db21562fd33c6db4785c972d2901e,1d903c4345b2fbbb6caad858d77fa0305873d58dfc52ad65717fd4fa6f9823b8,c1c0110882184d0684d9b43306f1a9a1bea952b1b7b45616ebd04cf02a223388
probe4-six-s3,measurement,82,4,3976,3000009,1024,160,100,8,1016,1.3068172,1.286237401574803,1317.1070992125983,1.8386100999923656,NVIDIA GeForce RTX 4080 Laptop GPU/PCIe/SSE2,08cbcb4555bd6df102e797b7c9d65460be0db21562fd33c6db4785c972d2901e,c02d4139b8cb4eb101d000ea8120cd29970836c3f6056d843d5b4485ff856146,3d2a2899413c08a241ff23b9406a323bc0c7a7b5abb176100c07b29d7016a9db
probe4-six-s4,measurement,82,4,3976,4000012,1024,160,100,8,1016,1.2888317000000014,1.268535137795277,1298.9799811023636,1.8238825000007637,NVIDIA GeForce RTX 4080 Laptop GPU/PCIe/SSE2,08cbcb4555bd6df102e797b7c9d65460be0db21562fd33c6db4785c972d2901e,54ffb0f16553d2f27871e5cc956fb3e029e1de3c8588311d4fed9c9f326b7be2,af0f004701fd448a2845b6d10a9b5159b2cf66e89d58d5945eb9897ea235f494
probe4-six-s5,measurement,82,4,3976,5000015,1024,160,100,8,1016,1.2973333000000018,1.2769028543307104,1307.5485228346474,1.836165799992159,NVIDIA GeForce RTX 4080 Laptop GPU/PCIe/SSE2,08cbcb4555bd6df102e797b7c9d65460be0db21562fd33c6db4785c972d2901e,ca87a199703b8006a8a8bd5e28e25f5175e09f0c2378bf08ddf3c0e80201789b,0a123a645612c5217c79ab2c346230f35f07dc9b2da30648b76cd122d4408a3e
probe4-sphere-s0,measurement,82,4,128,0,1024,160,100,8,1016,0.37634280000000037,0.3704161417322838,379.30612913385863,0.8663925000000745,NVIDIA GeForce RTX 4080 Laptop GPU/PCIe/SSE2,08cbcb4555bd6df102e797b7c9d65460be0db21562fd33c6db4785c972d2901e,c3abc61d6f6f78ca80daa9afcc5c0d2e16fbbf76e46affadc7fac07c6ac5a4c6,b62073c1e1d7547194db21a76c68ac1c57990a911888e906e12607a0b6837ab4
probe4-sphere-s1,measurement,82,4,128,1000003,1024,160,100,8,1016,0.39461230000000036,0.3883979330708665,397.7194834645673,0.9280301999970106,NVIDIA GeForce RTX 4080 Laptop GPU/PCIe/SSE2,08cbcb4555bd6df102e797b7c9d65460be0db21562fd33c6db4785c972d2901e,499b869fe353a9e062dd0927fbe8f92bbe6942416b6f6fa349108cfa332ca593,a8d4592a3edc4e2bdebb41d02ac939547614f20b0f80b6045e36bf4d461b5231
probe4-sphere-s2,measurement,82,4,128,2000006,1024,160,100,8,1016,0.37098509999999985,0.3651428149606297,373.90624251968484,0.8630962000024738,NVIDIA GeForce RTX 4080 Laptop GPU/PCIe/SSE2,08cbcb4555bd6df102e797b7c9d65460be0db21562fd33c6db4785c972d2901e,cb17738205a624cad4807e3176ca56c2b2e35a90d1612c1bbf4b931fb9ca4db9,7e1ed475036962efe6a292218d9bb64fc31aa323a7c380ce74866d402db29459
probe4-sphere-s3,measurement,82,4,128,3000009,1024,160,100,8,1016,0.3905268,0.3843767716535433,393.6018141732283,0.8737254000006942,NVIDIA GeForce RTX 4080 Laptop GPU/PCIe/SSE2,08cbcb4555bd6df102e797b7c9d65460be0db21562fd33c6db4785c972d2901e,c4971a7ff6cf4e774210027ae68ac0da0c1e05bff445a215bfcadfc7967e7674,4a612ef2ba76bc7be1a0634921cdc5d7fd121fa0317c8d0c7870ce13d7c45690
probe4-sphere-s4,measurement,82,4,128,4000012,1024,160,100,8,1016,0.3578887000000002,0.35225265748031515,360.7067212598427,1.0777001999958884,NVIDIA GeForce RTX 4080 Laptop GPU/PCIe/SSE2,08cbcb4555bd6df102e797b7c9d65460be0db21562fd33c6db4785c972d2901e,31627c6668c781d13d849575e65ec51429dcd5ac1956aa5d8b5815fc341da652,30a0d66a54648f2b4f30a3b264450104187139c7a420e86be24923c62fb494c2
probe4-sphere-s5,measurement,82,4,128,5000015,1024,160,100,8,1016,0.39074969999999964,0.38459616141732245,393.8264692913382,0.8974274000065634,NVIDIA GeForce RTX 4080 Laptop GPU/PCIe/SSE2,08cbcb4555bd6df102e797b7c9d65460be0db21562fd33c6db4785c972d2901e,2ccb75f9f957a799fabca90f26d6c4b171340aac1a0b559040559132d9a34d0e,359b729b26d8ccae1d919e74d8e49a04433c4c24151abeee2187e69523350951
probe4-spins-s0,measurement,82,4,896,0,1024,160,100,8,1016,0.8812624,0.8673842519685039,888.201474015748,1.4102262999949744,NVIDIA GeForce RTX 4080 Laptop GPU/PCIe/SSE2,08cbcb4555bd6df102e797b7c9d65460be0db21562fd33c6db4785c972d2901e,dbc8135d250207f4d33a31e879f2f67f6a4d9f28df8aac381bbe615d2016dde9,923159a0ba7dbf7deb4d469e9bd5ae31c883fa110bc5abbacde63b604de34a93
probe4-spins-s1,measurement,82,4,896,1000003,1024,160,100,8,1016,0.9084824999999992,0.8941756889763771,915.6359055118102,1.401652100001229,NVIDIA GeForce RTX 4080 Laptop GPU/PCIe/SSE2,08cbcb4555bd6df102e797b7c9d65460be0db21562fd33c6db4785c972d2901e,1c75f2144b5ad699f323fd82eab7ea2df75af570178d670a1ce113530420aa53,7942bdd72f14d1ea93b01a96120e67ccde0013a52115f730e6cbe8ed582a8de5
probe4-spins-s2,measurement,82,4,896,2000006,1024,160,100,8,1016,0.9137192000000005,0.899329921259843,920.9138393700792,1.4482755000062753,NVIDIA GeForce RTX 4080 Laptop GPU/PCIe/SSE2,08cbcb4555bd6df102e797b7c9d65460be0db21562fd33c6db4785c972d2901e,0b493fc13a9984442097c076b81aef1a583ced01ea5336a0938c7228fe43811d,4ef47fb99bda8dc3bb185b67b971ad83f4140173c3814af10aa78cc29919d651
probe4-spins-s3,measurement,82,4,896,3000009,1024,160,100,8,1016,0.9031373000000011,0.8889146653543318,910.2486173228358,1.4076062999956775,NVIDIA GeForce RTX 4080 Laptop GPU/PCIe/SSE2,08cbcb4555bd6df102e797b7c9d65460be0db21562fd33c6db4785c972d2901e,5aaae2751116d6982b124928056a950e4d0bd9483091dd3d2280e2385b301f74,75d89f4d1de3c959c25885bc75e31a76f25e46c2ce01da686e497e8d79cb2d05
probe4-spins-s4,measurement,82,4,896,4000012,1024,160,100,8,1016,0.8327508999999986,0.8196367125984239,839.307993700786,1.3336584999924526,NVIDIA GeForce RTX 4080 Laptop GPU/PCIe/SSE2,08cbcb4555bd6df102e797b7c9d65460be0db21562fd33c6db4785c972d2901e,b75fbf7351d449af05abbf92f139fc147684c0c991da6a788f6c8fda9c57f931,d46f67bb9df94e88bb2391685f2556c3c6403aee66001fed64b5134ccda1a8cb
probe4-spins-s5,measurement,82,4,896,5000015,1024,160,100,8,1016,0.9385795999999992,0.923798818897637,945.9699905511803,1.5067998999875272,NVIDIA GeForce RTX 4080 Laptop GPU/PCIe/SSE2,08cbcb4555bd6df102e797b7c9d65460be0db21562fd33c6db4785c972d2901e,139bf360ce50b23ddfc0a6a950bf849242e1e7824bcd6a81535a509e72a7c596,a09da165fa44a241b6356fa1cc3ee601a830b637188e765bf076f4e694330221
probe4-ut-s0,measurement,82,4,1024,0,1024,160,100,8,1016,0.36076080000000016,0.35507952755905525,363.6014362204726,0.8694251000124495,NVIDIA GeForce RTX 4080 Laptop GPU/PCIe/SSE2,08cbcb4555bd6df102e797b7c9d65460be0db21562fd33c6db4785c972d2901e,4ea1feea3eadba9a5de9fb14a1e1da413e97655f70d8dc7935ed18cd6ed115d6,d22af10ddd951c527f669a559113a4d6ed017e2709077097e5389c45e8bb5f1b
probe4-ut-s1,measurement,82,4,1024,1000003,1024,160,100,8,1016,0.3748251999999998,0.3689224409448817,377.77657952755885,0.8963994000077946,NVIDIA GeForce RTX 4080 Laptop GPU/PCIe/SSE2,08cbcb4555bd6df102e797b7c9d65460be0db21562fd33c6db4785c972d2901e,a15d641b6eee3547c67427e0df6382e5d2465385b465db725a6524cbf2e841a8,d72d013b0d333e7e2bc380b0a4d3feb841ff3abba072f87c87524eef43444d42
probe4-ut-s2,measurement,82,4,1024,2000006,1024,160,100,8,1016,0.34216879999999966,0.33678031496062955,344.86304251968465,0.837886499997694,NVIDIA GeForce RTX 4080 Laptop GPU/PCIe/SSE2,08cbcb4555bd6df102e797b7c9d65460be0db21562fd33c6db4785c972d2901e,e38b16b97ce74c937aa64a27179da653251442e17e77e554638efc0fb9cdcf70,23121e2c2a27d3d5f60240d5bd33140f5f3ba80548cb264f8b98e0e54757ebbb
probe4-ut-s3,measurement,82,4,1024,3000009,1024,160,100,8,1016,0.4001687999999997,0.39386692913385796,403.31973543307055,0.8928603000094881,NVIDIA GeForce RTX 4080 Laptop GPU/PCIe/SSE2,08cbcb4555bd6df102e797b7c9d65460be0db21562fd33c6db4785c972d2901e,0773a30ef73001e5e9ce08561041409869bf433e20ef2a0f5a7797261a9d7734,4fd3eb7a10e961457dab1e1dff316faf1a1a2ff5b8846226d672a55e25c17f61
probe4-ut-s4,measurement,82,4,1024,4000012,1024,160,100,8,1016,0.36086299999999993,0.35518011811023614,363.7044409448818,0.904030599995167,NVIDIA GeForce RTX 4080 Laptop GPU/PCIe/SSE2,08cbcb4555bd6df102e797b7c9d65460be0db21562fd33c6db4785c972d2901e,f8ca7fa87611ebf895b98542c83bdf746232df0824a391780803473413ed302c,99c0053ed8f49d05c1499b59a7c561c255479edd17d3db30a951d45b0abad9c8
probe4-ut-s5,measurement,82,4,1024,5000015,1024,160,100,8,1016,0.36011520000000047,0.3544440944881894,362.95075275590597,0.8529109999944922,NVIDIA GeForce RTX 4080 Laptop GPU/PCIe/SSE2,08cbcb4555bd6df102e797b7c9d65460be0db21562fd33c6db4785c972d2901e,fcc983d76d9b526ccbbddc4a4879dacb11e3cf26749ffdd16df287e411e9bcf2,e754f112cc4b09db9788cce8e6dfd0b1e86e98f79869450642bffc7637876baa
probe4-uv-s0,measurement,82,4,8,0,1024,160,100,8,1016,0.34810430000000003,0.34262234251968504,350.8452787401575,0.816855899989605,NVIDIA GeForce RTX 4080 Laptop GPU/PCIe/SSE2,08cbcb4555bd6df102e797b7c9d65460be0db21562fd33c6db4785c972d2901e,efa33e5154c9c843f3107c5b3c01a4c529b9522f0f3a330824a5742247da24ce,e07eb083e779fa136e43898bc2ebe795a1b5588bb3ab92688829a734a3b30fc1
probe4-uv-s1,measurement,82,4,8,1000003,1024,160,100,8,1016,0.34361469999999983,0.33820344488188964,346.320327559055,1.0717118000029586,NVIDIA GeForce RTX 4080 Laptop GPU/PCIe/SSE2,08cbcb4555bd6df102e797b7c9d65460be0db21562fd33c6db4785c972d2901e,617869f2dfd59f40bffbbe570e45d813468dc408cea5a20820131cf04cbd1e09,ec202cc1e5b276398d14aed61f14d80fee7eb02c3b3524fcd80d39f37e1ce88e
probe4-uv-s2,measurement,82,4,8,2000006,1024,160,100,8,1016,0.3651701000000004,0.3594193897637799,368.0454551181106,0.8646311999909813,NVIDIA GeForce RTX 4080 Laptop GPU/PCIe/SSE2,08cbcb4555bd6df102e797b7c9d65460be0db21562fd33c6db4785c972d2901e,291997c953e9d3cf1bf3c9b4936d7a8d689e7a7823f8206a2a766add86870527,2e87f4f058438f5563f27c1b427cf45582a648913acc88cef1be53eefdd22596
probe4-uv-s3,measurement,82,4,8,3000009,1024,160,100,8,1016,0.3684352000000003,0.362633070866142,371.3362645669294,0.916031100001419,NVIDIA GeForce RTX 4080 Laptop GPU/PCIe/SSE2,08cbcb4555bd6df102e797b7c9d65460be0db21562fd33c6db4785c972d2901e,e98267566dd94b07852020ec404e1aa4f94b06a4fa55482bc67991f0a6bfa493,e1c5a68414037d1da5a010b3fd60561d8c07889532d3da3e23ee5a6bdf7b4c76
probe4-uv-s4,measurement,82,4,8,4000012,1024,160,100,8,1016,0.36779750000000017,0.362005413385827,370.6935433070868,0.9329910999949789,NVIDIA GeForce RTX 4080 Laptop GPU/PCIe/SSE2,08cbcb4555bd6df102e797b7c9d65460be0db21562fd33c6db4785c972d2901e,553c3cadde006457ab1748062eac7b1f8c3e60508088de8e3c40f76e1c0457fb,8586990cdd7fdd792ca627e0ac03294c154f06fdd37953fbbb63ccb08fec9148
probe4-uv-s5,measurement,82,4,8,5000015,1024,160,100,8,1016,0.3548856000000001,0.34929685039370084,357.67997480314966,0.8628431999968598,NVIDIA GeForce RTX 4080 Laptop GPU/PCIe/SSE2,08cbcb4555bd6df102e797b7c9d65460be0db21562fd33c6db4785c972d2901e,8db51862adcf6ce98055f1e3708fde6ebe1143ce7c17cbd919290189ec0a62e2,bd1561469f18c48aad1cf7276509980565f028d29c7ad634170b1f998beda935
probe4-uv-sphere-s0,measurement,82,4,136,0,1024,160,100,8,1016,0.5262152999999995,0.5179284448818893,530.3587275590546,1.043334899994079,NVIDIA GeForce RTX 4080 Laptop GPU/PCIe/SSE2,08cbcb4555bd6df102e797b7c9d65460be0db21562fd33c6db4785c972d2901e,2e5701ff9fd5e5eb3e0791b5beb771293f0750fc2e805122f69cf513ad98920a,16a15ae28ff5d2c01350b50f39740224b72ad3ee352494bb5962dd5a23c47f0a
probe4-uv-sphere-s1,measurement,82,4,136,1000003,1024,160,100,8,1016,0.5886501000000006,0.57938001968504,593.285140157481,1.106946899992181,NVIDIA GeForce RTX 4080 Laptop GPU/PCIe/SSE2,08cbcb4555bd6df102e797b7c9d65460be0db21562fd33c6db4785c972d2901e,fe4eee6835908b6bacd78f5394519ed38fece24b96f1eec6f457f70ee6004900,67158a00b7acbdbf785505d879918ede8420da3257f90c5730affa5d104c67f8
probe4-uv-sphere-s2,measurement,82,4,136,2000006,1024,160,100,8,1016,0.5967559000000006,0.5873581692913391,601.4547653543312,1.1235047999944072,NVIDIA GeForce RTX 4080 Laptop GPU/PCIe/SSE2,08cbcb4555bd6df102e797b7c9d65460be0db21562fd33c6db4785c972d2901e,0ad559caf341386746257960e6e76d0455e411f96d8cb3d0ccdc01af40cce894,d4b1ff6a5e03b9c8794d1df5c691413e03d89327abd8ffa116f27870fa6e2802
probe4-uv-sphere-s3,measurement,82,4,136,3000009,1024,160,100,8,1016,0.5684364999999997,0.5594847440944879,572.9123779527556,1.0970080999977654,NVIDIA GeForce RTX 4080 Laptop GPU/PCIe/SSE2,08cbcb4555bd6df102e797b7c9d65460be0db21562fd33c6db4785c972d2901e,7d8e79c2d5a80057e9709fe495bd3235b8c0c94580ca67b8f6a9fd296007b7c2,f65a343101718f5d5b4d8942edc1e8542dba8f9e4e8f304a377de005701deac0
probe4-uv-sphere-s4,measurement,82,4,136,4000012,1024,160,100,8,1016,0.5505521999999999,0.5418820866141733,554.8872566929134,1.0751314999943133,NVIDIA GeForce RTX 4080 Laptop GPU/PCIe/SSE2,08cbcb4555bd6df102e797b7c9d65460be0db21562fd33c6db4785c972d2901e,c1f12856e0c275eec45243682a3d6de6255569ae76ca673e72c7566099a062db,0223e24acbcda86e2753ea04d27f67edc4d98b61420ede2c8faf180e5869eba5
probe4-uv-sphere-s5,measurement,82,4,136,5000015,1024,160,100,8,1016,0.5557045999999995,0.5469533464566925,560.0802267716531,1.0727932000008877,NVIDIA GeForce RTX 4080 Laptop GPU/PCIe/SSE2,08cbcb4555bd6df102e797b7c9d65460be0db21562fd33c6db4785c972d2901e,eca77e9b16d43e1ad3d03b583c10f2f89020d28a00d58a32dead3b7642de93cf,e5ee1f4f1cfb9b7ffb3a41a7cd9224304e4cb229f894f670fdac7813c4930b79
probe4-vt-s0,measurement,82,4,2048,0,1024,160,100,8,1016,0.36636419999999986,0.3605946850393699,369.2489574803148,0.887859100010246,NVIDIA GeForce RTX 4080 Laptop GPU/PCIe/SSE2,08cbcb4555bd6df102e797b7c9d65460be0db21562fd33c6db4785c972d2901e,65056f4e888132048ec47b86f9acba353feb71df91a95aafc133d3f99fb153f4,9bd571b9aa1e0e7041ad2aa37ca3db1b2286ed923593d86a5a989102fcbec4e0
probe4-vt-s1,measurement,82,4,2048,1000003,1024,160,100,8,1016,0.3691558,0.3633423228346457,372.0625385826772,0.8740160000015749,NVIDIA GeForce RTX 4080 Laptop GPU/PCIe/SSE2,08cbcb4555bd6df102e797b7c9d65460be0db21562fd33c6db4785c972d2901e,b2e2a3548fea222e09aeec0d211613504bf09ca38daf5c5fef1ccdbea91c32f1,8f785fc5ca90a11b295f9ad336c5c25f847a1f5a6206aaaf14c25930bdd1f7ed
probe4-vt-s2,measurement,82,4,2048,2000006,1024,160,100,8,1016,0.36619390000000024,0.36042706692913407,369.0773165354333,1.128870200001984,NVIDIA GeForce RTX 4080 Laptop GPU/PCIe/SSE2,08cbcb4555bd6df102e797b7c9d65460be0db21562fd33c6db4785c972d2901e,77c05c6da1f2b61754bac71f3b8c2608d5446062d08e08aa520725fc05ae1d69,b486c466eab8ffec6d59ff01fd3f81a4c8999a7f1eb135d7cfa1a302a2e5fb07
probe4-vt-s3,measurement,82,4,2048,3000009,1024,160,100,8,1016,0.36193770000000003,0.3562378937007874,364.7876031496063,0.8532905000029132,NVIDIA GeForce RTX 4080 Laptop GPU/PCIe/SSE2,08cbcb4555bd6df102e797b7c9d65460be0db21562fd33c6db4785c972d2901e,03d83c72191a255b43dd906c00fa21ca44c4c85d4b863236067175ffb1f67064,1129da7f6d166db02461433f63f2653ceb9a38eca1bde2cf55a677773355192b
probe4-vt-s4,measurement,82,4,2048,4000012,1024,160,100,8,1016,0.36459790000000014,0.3588562007874017,367.46874960629935,0.8644492999883369,NVIDIA GeForce RTX 4080 Laptop GPU/PCIe/SSE2,08cbcb4555bd6df102e797b7c9d65460be0db21562fd33c6db4785c972d2901e,4cb89deadf484c2cc69377f8f75748e2e3ae52ef2c49e774e20b1b4fd391402d,4e585e64e7a8331b1054c8af19a15e1057892f1ee9a53f581b5f145ffcbd6425
probe4-vt-s5,measurement,82,4,2048,5000015,1024,160,100,8,1016,0.3668358999999995,0.3610589566929129,369.7243716535428,0.8633548999932827,NVIDIA GeForce RTX 4080 Laptop GPU/PCIe/SSE2,08cbcb4555bd6df102e797b7c9d65460be0db21562fd33c6db4785c972d2901e,c94b1f4685e4b691fe662bfbf06ff3b30703ab495e5fbd8814e9aefed4bb8232,ace65685b8097e6f9c0c757f0244d4fd8158da08fd56eaf9cea2c6058e527c14
probe5-planes-s0,measurement,82,5,3080,0,1024,160,100,8,1016,0.5388768999999995,0.5303906496062988,543.12002519685,1.0216997000097763,NVIDIA GeForce RTX 4080 Laptop GPU/PCIe/SSE2,08cbcb4555bd6df102e797b7c9d65460be0db21562fd33c6db4785c972d2901e,34876a50a2a5713217b75541176d75a5a3444b5e0a6d628f895ccdcb0dcfdff0,07f3cdb8104094e1e2f349eb24a3a8effe99da11f6c862479d81d357a6a30a13
probe5-planes-s1,measurement,82,5,3080,1000003,1024,160,100,8,1016,0.5324473999999998,0.524062401574803,536.6398992125983,1.0186317000043346,NVIDIA GeForce RTX 4080 Laptop GPU/PCIe/SSE2,08cbcb4555bd6df102e797b7c9d65460be0db21562fd33c6db4785c972d2901e,90e290e51d8d78233aba977a3db67c731fe9266c90862bf51f67454000724a15,e706b4e2477daa8bb742858ecb0e2a970dc1515b3f056be41764809bd24c2687
probe5-planes-s2,measurement,82,5,3080,2000006,1024,160,100,8,1016,0.5533508999999998,0.5446367125984249,557.7079937007871,1.0762098999985028,NVIDIA GeForce RTX 4080 Laptop GPU/PCIe/SSE2,08cbcb4555bd6df102e797b7c9d65460be0db21562fd33c6db4785c972d2901e,109446d102851168dfc9fc8e14a5586511e4b46f84402cbf1aa9b15527e733ef,1fdc37a5f67c2ce528a5a19e9dfa90405179c280b91accfff57ae92bcf29356e
probe5-planes-s3,measurement,82,5,3080,3000009,1024,160,100,8,1016,0.5514169000000001,0.5427331692913386,555.7587653543308,1.0590523000137182,NVIDIA GeForce RTX 4080 Laptop GPU/PCIe/SSE2,08cbcb4555bd6df102e797b7c9d65460be0db21562fd33c6db4785c972d2901e,864e641f1d350da68c9c311d79c51f8db7b044f608af7dd34c6f64422e1ce74b,69d2540b122eaef8e3cd787b19eb9e082461e87ad8c66dc9e929a167669eace0
probe5-planes-s4,measurement,82,5,3080,4000012,1024,160,100,8,1016,0.5458371000000001,0.5372412401574804,550.13502992126,1.018493399998988,NVIDIA GeForce RTX 4080 Laptop GPU/PCIe/SSE2,08cbcb4555bd6df102e797b7c9d65460be0db21562fd33c6db4785c972d2901e,ebe0284789956c1fe8f6360ff17d722eb36bf330f68db1a946b0b4d3200dc3e7,5ce9bdcf444ff8071fb152e86e38bb73a621823d78926f5ab23bf1e6337beb5c
probe5-planes-s5,measurement,82,5,3080,5000015,1024,160,100,8,1016,0.5451126000000004,0.5365281496062996,549.4048251968508,1.0360941000108141,NVIDIA GeForce RTX 4080 Laptop GPU/PCIe/SSE2,08cbcb4555bd6df102e797b7c9d65460be0db21562fd33c6db4785c972d2901e,38a16ac37502da37010b89c01edbc3059ebbe1ff81c9f26e434813f3dd1f7f94,440cceb24d1b5d8285368251a5caf83fc64922b8cee11c5708e2e26123e01c9d
probe5-six-s0,measurement,82,5,3976,0,1024,160,100,8,1016,1.3631368999999995,1.3416701771653539,1373.8702614173224,1.8767480999958934,NVIDIA GeForce RTX 4080 Laptop GPU/PCIe/SSE2,08cbcb4555bd6df102e797b7c9d65460be0db21562fd33c6db4785c972d2901e,c9deaeb10689356d535ba28b1b8fbf1ceab12810c05d2a76dea8d5239bf76bf3,e84b5615239c594ec94cb8c775fc728293dbc7e267439e225f3032bfebaa02cb
probe5-six-s1,measurement,82,5,3976,1000003,1024,160,100,8,1016,1.3312383999999968,1.3102740157480284,1341.720592125981,1.818981199990958,NVIDIA GeForce RTX 4080 Laptop GPU/PCIe/SSE2,08cbcb4555bd6df102e797b7c9d65460be0db21562fd33c6db4785c972d2901e,a3cf9d5bd92c97d0689829c1dd7d2bfcf3fd77c5c10e5b321b920c49bed97013,773d0d1f67665bdf95fb8cf0c2923e0f16b485a081f39a42d1231240174ca1dc
probe5-six-s2,measurement,82,5,3976,2000006,1024,160,100,8,1016,1.3455140999999993,1.3243249015748024,1356.1086992125977,1.915531499995268,NVIDIA GeForce RTX 4080 Laptop GPU/PCIe/SSE2,08cbcb4555bd6df102e797b7c9d65460be0db21562fd33c6db4785c972d2901e,3a30501986c8c1b49a02d968e130acfe9a856e9e2b43a55977a4e3236ccfbd8a,03446408c2fd867c20e8023e896bf193266b0b3739a0cfdee10bedbd42f32aef
probe5-six-s3,measurement,82,5,3976,3000009,1024,160,100,8,1016,1.3439279,1.3227636811023622,1354.510009448819,1.8855712999938987,NVIDIA GeForce RTX 4080 Laptop GPU/PCIe/SSE2,08cbcb4555bd6df102e797b7c9d65460be0db21562fd33c6db4785c972d2901e,2c1fcbff787b3c0c5841a66027bf4b1b6974bc9dc527cbcd7988e7e0bccc3896,08e9244a39073f550f854666b9d376eb75b88e290480cc33c2ede9da47b34743
probe5-six-s4,measurement,82,5,3976,4000012,1024,160,100,8,1016,1.2189348000000013,1.199738976377954,1228.532711811025,1.7302525999984937,NVIDIA GeForce RTX 4080 Laptop GPU/PCIe/SSE2,08cbcb4555bd6df102e797b7c9d65460be0db21562fd33c6db4785c972d2901e,61145b532cadd58683af545ed58d9546acaf4f7f6c72408eddb4e9ed2c320d6f,f8e3bc49ba71e49ab83b1005458b7b2e6863c8d483d000b2fb1bec1c10ca3c1c
probe5-six-s5,measurement,82,5,3976,5000015,1024,160,100,8,1016,1.240495999999998,1.2209606299212579,1250.263685039368,1.7527694000018528,NVIDIA GeForce RTX 4080 Laptop GPU/PCIe/SSE2,08cbcb4555bd6df102e797b7c9d65460be0db21562fd33c6db4785c972d2901e,3b8f6ecf60d361d2a52ea455fbea373c7dd246ecdadcef64d74aab063abfef0d,0df188b983bcd0040521294d3982617ab89f9de9c446ba03d8ece998ef2df606
probe5-sphere-s0,measurement,82,5,128,0,1024,160,100,8,1016,0.36831720000000046,0.36251692913385875,371.21733543307136,0.8671526999969501,NVIDIA GeForce RTX 4080 Laptop GPU/PCIe/SSE2,08cbcb4555bd6df102e797b7c9d65460be0db21562fd33c6db4785c972d2901e,96a551266b5145b4a9ce2ef3557a54b960f3be211ae41a4b4cc643a76992c499,2bd31c89bacfa02361e8c11508f1742117a8a40183aaf2cdf7c40936143fa215
probe5-sphere-s1,measurement,82,5,128,1000003,1024,160,100,8,1016,0.3907704000000001,0.3846165354330709,393.8473322834646,0.8757187000010163,NVIDIA GeForce RTX 4080 Laptop GPU/PCIe/SSE2,08cbcb4555bd6df102e797b7c9d65460be0db21562fd33c6db4785c972d2901e,ce7f4beb7e1b4c7f7c1cab0d4670b389bb2f0fe46bcb9101ed419a8ef7105aea,021eb605f9c0e68454818081f1b1426e18560e3f19084e3b1edffeb7527f7501
probe5-sphere-s2,measurement,82,5,128,2000006,1024,160,100,8,1016,0.3770257000000001,0.3710882874015749,379.9944062992127,0.8538181000039913,NVIDIA GeForce RTX 4080 Laptop GPU/PCIe/SSE2,08cbcb4555bd6df102e797b7c9d65460be0db21562fd33c6db4785c972d2901e,30ec523afa8847697330de8db5b85b1d7a3528407207508a5ad85aecd8b79c35,f4a21397ef795b199af86ca779b9614fd5b1ad08c1eef6e10b74ab0241b356d9
probe5-sphere-s3,measurement,82,5,128,3000009,1024,160,100,8,1016,0.3460469000000004,0.34059734251968543,348.7716787401579,0.8516753000003519,NVIDIA GeForce RTX 4080 Laptop GPU/PCIe/SSE2,08cbcb4555bd6df102e797b7c9d65460be0db21562fd33c6db4785c972d2901e,28d20ef380509dc94fea5fe5c898e8bbdca7d9e63fb1d6f6f9f0a1be686fd620,dcd8b780c312b0774cba9c47fcf786d98a0f9e89cf7e5d817862d0a1d0874aa1
probe5-sphere-s4,measurement,82,5,128,4000012,1024,160,100,8,1016,0.35198010000000035,0.3464371062992129,354.75159685039404,0.8481414999987464,NVIDIA GeForce RTX 4080 Laptop GPU/PCIe/SSE2,08cbcb4555bd6df102e797b7c9d65460be0db21562fd33c6db4785c972d2901e,cdc3f8f312ddacf3bcd186d63d445c264998e9013d953ade0ad90d6120dad7d4,212b1ecc41cba3449a2d05e2a2c6893b679fa784df9735a737829048b79ff2a6
probe5-sphere-s5,measurement,82,5,128,5000015,1024,160,100,8,1016,0.4126502999999999,0.40615187007874004,415.8995149606298,0.9247087000112515,NVIDIA GeForce RTX 4080 Laptop GPU/PCIe/SSE2,08cbcb4555bd6df102e797b7c9d65460be0db21562fd33c6db4785c972d2901e,909775c2e3c58e3aa21a60dd17f11dd6e3426792febfceb42ee07e3369098908,fb554065f4834a7433ddb76f8a877a96415e14fea97f8f703946d1f4a6d31e65
probe5-spins-s0,measurement,82,5,896,0,1024,160,100,8,1016,0.8281154000000002,0.8150742125984254,834.6359937007876,1.3575519000005443,NVIDIA GeForce RTX 4080 Laptop GPU/PCIe/SSE2,08cbcb4555bd6df102e797b7c9d65460be0db21562fd33c6db4785c972d2901e,df62015d35e60be1c809b7c5208b4a900d7e30cd31a1c5fbb48760726bd2b9ab,416accc97649c519d96f14e448fe3dfbfb8a133865dd3857780094773ea56c09
probe5-spins-s1,measurement,82,5,896,1000003,1024,160,100,8,1016,0.9092898000000006,0.8949702755905518,916.449562204725,1.4428781000024173,NVIDIA GeForce RTX 4080 Laptop GPU/PCIe/SSE2,08cbcb4555bd6df102e797b7c9d65460be0db21562fd33c6db4785c972d2901e,41ac8949bb2bd9edf352f4fcc4816d4ace6f7be69a6dfd1d4ad13351cbc5eeb4,4253fde5d505810925315e891925b8a9f57b0d47fa1fcfe7175cbb39d85ca121
probe5-spins-s2,measurement,82,5,896,2000006,1024,160,100,8,1016,0.9395456,0.9247496062992127,946.9435968503938,1.4823757999984082,NVIDIA GeForce RTX 4080 Laptop GPU/PCIe/SSE2,08cbcb4555bd6df102e797b7c9d65460be0db21562fd33c6db4785c972d2901e,637f1b2d91167359da43c4109255e7d04c7c5dcb782d4fade1709f40ddc52422,3669ef6b4e5aa1325c00db39fd7877f5b93072a01d027b87e14549dfb0b884b4
probe5-spins-s3,measurement,82,5,896,3000009,1024,160,100,8,1016,0.8931703999999997,0.8791047244094485,900.2032377952753,1.5416034999943804,NVIDIA GeForce RTX 4080 Laptop GPU/PCIe/SSE2,08cbcb4555bd6df102e797b7c9d65460be0db21562fd33c6db4785c972d2901e,c676b8904bc962bcfd217395cae4a3dfa113d389bc1ba0ea6cfb3f9169182830,3f5dbc4fcafa35cfeae85cdd40ff735336618af13f570bfe589e95d3cb64995f
probe5-spins-s4,measurement,82,5,896,4000012,1024,160,100,8,1016,0.9116032000000001,0.8972472440944882,918.7811779527559,1.6821518000069773,NVIDIA GeForce RTX 4080 Laptop GPU/PCIe/SSE2,08cbcb4555bd6df102e797b7c9d65460be0db21562fd33c6db4785c972d2901e,a6132e99243d15cb82ee3433c61720a34521124bbd8c876f006340b498fdb736,2571fa623d0838d8d8182c825e17e69dd83ac16c8af7007bd2a6b52a85cf897c
probe5-spins-s5,measurement,82,5,896,5000015,1024,160,100,8,1016,0.9046359000000009,0.8903896653543316,911.7590173228356,1.3802230000001146,NVIDIA GeForce RTX 4080 Laptop GPU/PCIe/SSE2,08cbcb4555bd6df102e797b7c9d65460be0db21562fd33c6db4785c972d2901e,61eb484953115e954e351c4397e60a3d276a46ab832425eaaaf78ea75081fc61,05472182c0290622e501dfc2a44764de6742e0fd37da9eb91bd37a4e53d1d823
probe5-ut-s0,measurement,82,5,1024,0,1024,160,100,8,1016,0.35667229999999966,0.35105541338582646,359.4807433070863,0.8256742999947164,NVIDIA GeForce RTX 4080 Laptop GPU/PCIe/SSE2,08cbcb4555bd6df102e797b7c9d65460be0db21562fd33c6db4785c972d2901e,999602e10795c6d695a7e04cc4c0e20e4dc91d9d2752e5cf5da98d2a8674aaf7,7f8748594f1c284bc91906855f95a3dd639da39966e0325003e3a65f93c37c99
probe5-ut-s1,measurement,82,5,1024,1000003,1024,160,100,8,1016,0.35773209999999994,0.3520985236220472,360.5488881889763,0.8760352999961469,NVIDIA GeForce RTX 4080 Laptop GPU/PCIe/SSE2,08cbcb4555bd6df102e797b7c9d65460be0db21562fd33c6db4785c972d2901e,1fa70789843df81fb169bb63a0998e040b61528c91c179af99ade2170788a281,071a4b4b585b052b5b72ee08dd8b16fb3ba4e2765411bbe463704f1114b412fb
probe5-ut-s2,measurement,82,5,1024,2000006,1024,160,100,8,1016,0.37450400000000017,0.36860629921259863,377.452850393701,0.8722217999893473,NVIDIA GeForce RTX 4080 Laptop GPU/PCIe/SSE2,08cbcb4555bd6df102e797b7c9d65460be0db21562fd33c6db4785c972d2901e,e40cb973b14c1c41f96958b6fada27159f41a0967725be4d5f411029031f4012,06c71d69b3dd314f3cdc2ccd156cdc21b2068a7e11d99af6da479f28248dced3
probe5-ut-s3,measurement,82,5,1024,3000009,1024,160,100,8,1016,0.3857870999999998,0.379711712598425,388.8247937007872,0.8870345999894198,NVIDIA GeForce RTX 4080 Laptop GPU/PCIe/SSE2,08cbcb4555bd6df102e797b7c9d65460be0db21562fd33c6db4785c972d2901e,c8c9adad37f9726e8d27871fbc80069c8cb976b2685638bb576c5de24839bded,506b1c04211a71b8ff1773112729afc2eb776f8ae475385feda3a021fd6252fd
probe5-ut-s4,measurement,82,5,1024,4000012,1024,160,100,8,1016,0.36670240000000026,0.36092755905511836,369.5898204724412,0.8764293999993242,NVIDIA GeForce RTX 4080 Laptop GPU/PCIe/SSE2,08cbcb4555bd6df102e797b7c9d65460be0db21562fd33c6db4785c972d2901e,16d3f9a26325b06e611256c92e642466a40434444456548fc65c7935ba2f00cc,b5f121e8717978469ad2ee6cf76156df2bebb597e9e5348fad670b9d046dc683
probe5-ut-s5,measurement,82,5,1024,5000015,1024,160,100,8,1016,0.3781906999999997,0.3722349409448816,381.16857952755873,0.8734227999957511,NVIDIA GeForce RTX 4080 Laptop GPU/PCIe/SSE2,08cbcb4555bd6df102e797b7c9d65460be0db21562fd33c6db4785c972d2901e,e8f8e5424e46be1559493bc1f353e42b154abc0fcf817dbeb73b40f02404d59e,7a055f12f2c776155fee1f51175946e58856bbe9d7fddded5ccd0ca131768858
probe5-uv-s0,measurement,82,5,8,0,1024,160,100,8,1016,0.360841,0.3551584645669291,363.6822677165354,0.8214985999948112,NVIDIA GeForce RTX 4080 Laptop GPU/PCIe/SSE2,08cbcb4555bd6df102e797b7c9d65460be0db21562fd33c6db4785c972d2901e,f499d64fbc189fa0a6855bdabfb79bcd6e9d40c04f39faafde0b6629df93f87f,96d44b0713774f15d13bf390421a9769a8146cbeaa3176b7a8aeb768a81613b9
probe5-uv-s1,measurement,82,5,8,1000003,1024,160,100,8,1016,0.35390360000000004,0.34833031496062994,356.69024251968506,0.895234800002072,NVIDIA GeForce RTX 4080 Laptop GPU/PCIe/SSE2,08cbcb4555bd6df102e797b7c9d65460be0db21562fd33c6db4785c972d2901e,354f3cca7bd8619149e62c5b761542cdd4e742f168b8b9f6f81569522c2334b3,8451d98639714b3897cf8c055373a5667bf2ff574a0953c7dd199c75a7ec0f9b
probe5-uv-s2,measurement,82,5,8,2000006,1024,160,100,8,1016,0.3587634000000001,0.35311358267716547,361.58830866141744,0.9166783999971813,NVIDIA GeForce RTX 4080 Laptop GPU/PCIe/SSE2,08cbcb4555bd6df102e797b7c9d65460be0db21562fd33c6db4785c972d2901e,76f9e594f16c0da652b6112281a3ab7022289353d64c474e99bd186dea944bd6,e2efe7f498f30a4839e4747a8d8f43ba5409d32a3a5742a8ae76db04c04eecb6
probe5-uv-s3,measurement,82,5,8,3000009,1024,160,100,8,1016,0.3697978999999995,0.36397431102362154,372.70969448818846,0.8849934000027133,NVIDIA GeForce RTX 4080 Laptop GPU/PCIe/SSE2,08cbcb4555bd6df102e797b7c9d65460be0db21562fd33c6db4785c972d2901e,70335b52ae1e2f2a82e48747d95004e14c96c9ce77c88ee00efb5afd9421056b,7970e1208efc3e197e71c163a69256d2728cc1b2d2f45e4b5dfa4ece0a77c90e
probe5-uv-s4,measurement,82,5,8,4000012,1024,160,100,8,1016,0.35802769999999984,0.3523894685039368,360.8468157480313,0.8485461999953259,NVIDIA GeForce RTX 4080 Laptop GPU/PCIe/SSE2,08cbcb4555bd6df102e797b7c9d65460be0db21562fd33c6db4785c972d2901e,9478ff504dbd05ed503fc94c1a467037431e37a5bb0aec57587f5409982004ce,58e56e76c7a5164df721ef1d0ec9311c4fa9151243a81ad27f80d58585af0c24
probe5-uv-s5,measurement,82,5,8,5000015,1024,160,100,8,1016,0.3554901000000001,0.34989183070866153,358.2892346456694,0.843999899996561,NVIDIA GeForce RTX 4080 Laptop GPU/PCIe/SSE2,08cbcb4555bd6df102e797b7c9d65460be0db21562fd33c6db4785c972d2901e,98ae13397a97f3d0a39ca615a5c46fb69491d1187bd86ebcb512f8e8fa773b70,07d4e130ec429eb161d9b42266f955fbdb74b6abf3cfd5d21a5c4047c03d6100
probe5-uv-sphere-s0,measurement,82,5,136,0,1024,160,100,8,1016,0.5652459999999994,0.5563444881889757,569.6967559055112,1.0991238999995403,NVIDIA GeForce RTX 4080 Laptop GPU/PCIe/SSE2,08cbcb4555bd6df102e797b7c9d65460be0db21562fd33c6db4785c972d2901e,6d802aaa314d37caa8b8d08ded77339a11915e5f8ec873560b5542e20fc2e121,4beb8c3b0d508a4d571b2cc0f7deac0b939da794eb05362b74a650be0498c09a
probe5-uv-sphere-s1,measurement,82,5,136,1000003,1024,160,100,8,1016,0.602631699999999,0.593141437007873,607.376831496062,1.1236656999972183,NVIDIA GeForce RTX 4080 Laptop GPU/PCIe/SSE2,08cbcb4555bd6df102e797b7c9d65460be0db21562fd33c6db4785c972d2901e,29efb813ba941aa10a8bac8c6a5ee584da32f41ece0283acd6e27e61139672d1,b32d59ebcb9f6b6e9d018333483a64aabc013c829ffe0983b12a1a96c8a91031
probe5-uv-sphere-s2,measurement,82,5,136,2000006,1024,160,100,8,1016,0.5612247999999997,0.5523866141732281,565.6438929133856,1.086179500009166,NVIDIA GeForce RTX 4080 Laptop GPU/PCIe/SSE2,08cbcb4555bd6df102e797b7c9d65460be0db21562fd33c6db4785c972d2901e,1ebebbdf4a70c2ff9d5bd30045baba41cf1ef7fa7ca69c789926d8d0a350fb22,820061aaa68df1d07028ac2c11cb3f6802d68e7a92be2a9bf1211fe8aebe7b68
probe5-uv-sphere-s3,measurement,82,5,136,3000009,1024,160,100,8,1016,0.5442325000000009,0.5356619094488198,548.5177952755914,1.0181774999946356,NVIDIA GeForce RTX 4080 Laptop GPU/PCIe/SSE2,08cbcb4555bd6df102e797b7c9d65460be0db21562fd33c6db4785c972d2901e,bb47181a8b1e4a6d4ca974c222ece4b2749ee2019022e8edd5de6204a7a603bc,404faf1b84b54c97cf8804ac281870b480bfcbb75f096129db9e3d2432518a64
probe5-uv-sphere-s4,measurement,82,5,136,4000012,1024,160,100,8,1016,0.6071511999999992,0.5975897637795268,611.9319181102354,1.1149509000097169,NVIDIA GeForce RTX 4080 Laptop GPU/PCIe/SSE2,08cbcb4555bd6df102e797b7c9d65460be0db21562fd33c6db4785c972d2901e,6d5eef3871e486f71e1684b153864e3f1a87a3993f3efd5b7d38c9c9b82a73d5,d64468bff287ddca56d024dbb4346044e28c334efe6df5c2473883b05398b650
probe5-uv-sphere-s5,measurement,82,5,136,5000015,1024,160,100,8,1016,0.6299984,0.6200771653543307,634.9590173228346,1.1363191999989795,NVIDIA GeForce RTX 4080 Laptop GPU/PCIe/SSE2,08cbcb4555bd6df102e797b7c9d65460be0db21562fd33c6db4785c972d2901e,844662b61429e49efe0cfb6ac89411739bf9f94722cccf83a369434865a83b0f,f4587b57a3033a5ede1d7088e47fedf52f5d68bc01bb6ab4a100ede7d24c0056
probe5-vt-s0,measurement,82,5,2048,0,1024,160,100,8,1016,0.37557120000000027,0.3696566929133861,378.52845354330736,0.8556507999892347,NVIDIA GeForce RTX 4080 Laptop GPU/PCIe/SSE2,08cbcb4555bd6df102e797b7c9d65460be0db21562fd33c6db4785c972d2901e,22c3e903c5c1ab0858f37c6a3ba028da7260b9a2704faf98770817974e956116,8d7b0981b6844903924e639ee526216e253a1b41e4965b2486938ce6601f8cb5
probe5-vt-s1,measurement,82,5,2048,1000003,1024,160,100,8,1016,0.3678136000000005,0.3620212598425202,370.7097700787407,0.9038320999970892,NVIDIA GeForce RTX 4080 Laptop GPU/PCIe/SSE2,08cbcb4555bd6df102e797b7c9d65460be0db21562fd33c6db4785c972d2901e,631f1286a41f3162dd7998bd739aead783fc28e7cf0e1c4b3e391c27a61df498,4f86f65268ba160f4a882b60cde5a6fe7facaf9ecfb1138944dc5c2585d074b7
probe5-vt-s2,measurement,82,5,2048,2000006,1024,160,100,8,1016,0.4139980999999997,0.40747844488188945,417.2579275590548,0.9162749999959487,NVIDIA GeForce RTX 4080 Laptop GPU/PCIe/SSE2,08cbcb4555bd6df102e797b7c9d65460be0db21562fd33c6db4785c972d2901e,3ab63d67386cb35cc0fda2739ef4164352448f8d27cc83afa5b1b7fc2475aa01,35bd945bb758aa74be7c23bc8c6f1e22cb99aae67def051748b9403eb04a18f0
probe5-vt-s3,measurement,82,5,2048,3000009,1024,160,100,8,1016,0.3820669,0.3760500984251968,385.07530078740155,0.8507918999966932,NVIDIA GeForce RTX 4080 Laptop GPU/PCIe/SSE2,08cbcb4555bd6df102e797b7c9d65460be0db21562fd33c6db4785c972d2901e,8f962b4b11085b9583281fd111dd68229f82be423e29f253f45d186f204488e1,a3c2c8a2b106a512292bc60fa60eb3372b230041924a368b3dd751dd413efdaf
probe5-vt-s4,measurement,82,5,2048,4000012,1024,160,100,8,1016,0.3659673000000005,0.36020403543307133,368.84893228346505,0.8263518999883672,NVIDIA GeForce RTX 4080 Laptop GPU/PCIe/SSE2,08cbcb4555bd6df102e797b7c9d65460be0db21562fd33c6db4785c972d2901e,2f1361efd1a16e1a906a5d4ae78ffab6fda5bef1b5418a76830364154c07834e,c4c41f38fa6925c38a74ce428efb6edea0e3e8384a50f44a6f7a7167c246393f
probe5-vt-s5,measurement,82,5,2048,5000015,1024,160,100,8,1016,0.39346099999999984,0.3872647637795274,396.55911811023606,0.8819192999944789,NVIDIA GeForce RTX 4080 Laptop GPU/PCIe/SSE2,08cbcb4555bd6df102e797b7c9d65460be0db21562fd33c6db4785c972d2901e,ec34b1aa6a9c0a95f9b731c8ccd39aee1adeb60424792629f2a411063eb8be30,5778787c3a9db074226c5bad856ddd5a19783e7ea33c0626ac0f268905c3944e
probe6-planes-s0,measurement,82,6,3080,0,1024,160,100,8,1016,0.4722706999999995,0.46483336614173176,475.9893669291333,0.9842554999922868,NVIDIA GeForce RTX 4080 Laptop GPU/PCIe/SSE2,08cbcb4555bd6df102e797b7c9d65460be0db21562fd33c6db4785c972d2901e,23b2cfaf4e06afbacd752f1cb360f44f7f0180de07cec7b8966354d101b2ff39,21a69c83364d05d16e1b39b57e73738ca47f759a4957760688c698d292aa4a37
probe6-planes-s1,measurement,82,6,3080,1000003,1024,160,100,8,1016,0.47943250000000043,0.47188238188976417,483.2075590551185,0.9738807999965502,NVIDIA GeForce RTX 4080 Laptop GPU/PCIe/SSE2,08cbcb4555bd6df102e797b7c9d65460be0db21562fd33c6db4785c972d2901e,f2d9bbecaa7b5426ee50b2600f757eaba5bd5f78c47c87bd873c8fe9c887fe47,e32a73c1ff35807e1ac51d5fa7afc471392be63aed157858a92330375a5d2783
probe6-planes-s2,measurement,82,6,3080,2000006,1024,160,100,8,1016,0.4997130000000009,0.49184350393700876,503.647748031497,1.0120166999986395,NVIDIA GeForce RTX 4080 Laptop GPU/PCIe/SSE2,08cbcb4555bd6df102e797b7c9d65460be0db21562fd33c6db4785c972d2901e,94e3341811c4b1559743a54670575140191a0f3d818742620de63859140533cb,b95144886e0939fe1caf78e8a7cd8bc1f4421e493e1e2b66d203ca042b6d0037
probe6-planes-s3,measurement,82,6,3080,3000009,1024,160,100,8,1016,0.4747790000000004,0.4673021653543311,478.51741732283506,0.9658519000076922,NVIDIA GeForce RTX 4080 Laptop GPU/PCIe/SSE2,08cbcb4555bd6df102e797b7c9d65460be0db21562fd33c6db4785c972d2901e,fd07c0ea8a7d9332f6772500dd77313b7ef3a1b4b4a20bd4ca1ec382e2226a8b,a42fb3ae24aaedcad3c70ee520948ba029099415c49d211e26eb73607d9acec5
probe6-planes-s4,measurement,82,6,3080,4000012,1024,160,100,8,1016,0.5171700000000007,0.5090255905511817,521.24220472441,1.0512843000033172,NVIDIA GeForce RTX 4080 Laptop GPU/PCIe/SSE2,08cbcb4555bd6df102e797b7c9d65460be0db21562fd33c6db4785c972d2901e,ab5859ebb55c33df2e15c18d6d39669d0047bf80ebeddc95ebe6f2d7345907b0,7531b7342bcc9192dcb3f3a012e777dd747568ad16421d63e96347ad731541a8
probe6-planes-s5,measurement,82,6,3080,5000015,1024,160,100,8,1016,0.5081374000000004,0.5001352362204728,512.1384818897642,0.9856826000032015,NVIDIA GeForce RTX 4080 Laptop GPU/PCIe/SSE2,08cbcb4555bd6df102e797b7c9d65460be0db21562fd33c6db4785c972d2901e,c8d068710e9f68fe9a2c0d16de997ce3df238acbaa31c0ad0e592950817061d8,3eccad4619c5d291b00d422eb84c81350ced897a618c46e76fce1bf878424890
probe6-six-s0,measurement,82,6,3976,0,1024,160,100,8,1016,1.3216321,1.3008189960629921,1332.038651968504,1.906730200003949,NVIDIA GeForce RTX 4080 Laptop GPU/PCIe/SSE2,08cbcb4555bd6df102e797b7c9d65460be0db21562fd33c6db4785c972d2901e,12ea4374aef016abc77fd7d18499168e09e518bfffd8e3f03f56e8e0d4e1650d,5ec822c31dcc795321e91cc3a2e322bbc1643aca80ea0d7e0e161ddef514b4fd
probe6-six-s1,measurement,82,6,3976,1000003,1024,160,100,8,1016,1.2971047999999994,1.276677952755905,1307.3182236220466,1.8925607999990461,NVIDIA GeForce RTX 4080 Laptop GPU/PCIe/SSE2,08cbcb4555bd6df102e797b7c9d65460be0db21562fd33c6db4785c972d2901e,dc0522bfd320146e3e8af77b6726145009937f4def03897e859ac4d5821fe25e,d7479503362ebe8cb49c868a3bb8d8c88e90929a4dc3ee224eccc3f69c4c4b77
probe6-six-s2,measurement,82,6,3976,2000006,1024,160,100,8,1016,1.1653433000000015,1.1469914370078755,1174.5192314960645,1.6501406000024872,NVIDIA GeForce RTX 4080 Laptop GPU/PCIe/SSE2,08cbcb4555bd6df102e797b7c9d65460be0db21562fd33c6db4785c972d2901e,04d2367846870e8ff5ae0356a5579385d7f1976723c11029fbe06fc78090362a,45c547fe19709d147059d36bad2b400c243d4925c545876f82fa43ebd8cf62d7
probe6-six-s3,measurement,82,6,3976,3000009,1024,160,100,8,1016,1.3054125000000008,1.2848548228346466,1315.691338582678,1.8180473999964306,NVIDIA GeForce RTX 4080 Laptop GPU/PCIe/SSE2,08cbcb4555bd6df102e797b7c9d65460be0db21562fd33c6db4785c972d2901e,9bed10d01356e355702d1f7c3b7f6ed93e60c108fdd3be4687b76c4c804b8522,fdc070e4bf3eece1dbaa02caeb535e1923939d502083dbf460284a8ba3040d0e
probe6-six-s4,measurement,82,6,3976,4000012,1024,160,100,8,1016,1.191095600000001,1.1723381889763789,1200.474305511812,1.7114000000001397,NVIDIA GeForce RTX 4080 Laptop GPU/PCIe/SSE2,08cbcb4555bd6df102e797b7c9d65460be0db21562fd33c6db4785c972d2901e,5f7f1337c03dadb73cc87411ef51135ac1efdc91e3379fa5c5d8d5e47e25b57e,3c385d6ace42ded00b0bf7da6e5d05234d06af6fce2ebfd816255c08fac575d4
probe6-six-s5,measurement,82,6,3976,5000015,1024,160,100,8,1016,1.2370048999999994,1.2175245078740151,1246.7450960629915,1.743913900005282,NVIDIA GeForce RTX 4080 Laptop GPU/PCIe/SSE2,08cbcb4555bd6df102e797b7c9d65460be0db21562fd33c6db4785c972d2901e,fac1232e348b02fb21d16b4ea7d378e9f73b315790ef5529eb3a6461d809e82b,cfdad9735db7ff84bd733e99fd57220b804dde86489f007223c9560cb64f6b85
probe6-sphere-s0,measurement,82,6,128,0,1024,160,100,8,1016,0.3933325000000007,0.3871382874015755,396.42960629921333,0.9072826999909012,NVIDIA GeForce RTX 4080 Laptop GPU/PCIe/SSE2,08cbcb4555bd6df102e797b7c9d65460be0db21562fd33c6db4785c972d2901e,6f34bcd2a4f3098ffa67f891422fedd8d10d23aa4f9f9dc861046f3df398c13c,bbbea2896a50cd4eb4adc647c2fa22160a3aec36802f08d3d638b3b70cca5010
probe6-sphere-s1,measurement,82,6,128,1000003,1024,160,100,8,1016,0.372276499999999,0.36641387795275493,375.20781102362105,0.8637473999988288,NVIDIA GeForce RTX 4080 Laptop GPU/PCIe/SSE2,08cbcb4555bd6df102e797b7c9d65460be0db21562fd33c6db4785c972d2901e,aca71cd1472f630207cab22916f18b915e3f5b4a39c34a3291eb7d6c37692b25,f4735171d9b7b98acd466d16972cd2a68eb6054745db503795414c0f5ca93598
probe6-sphere-s2,measurement,82,6,128,2000006,1024,160,100,8,1016,0.35443909999999984,0.3488573818897636,357.22995905511794,0.8455194999987725,NVIDIA GeForce RTX 4080 Laptop GPU/PCIe/SSE2,08cbcb4555bd6df102e797b7c9d65460be0db21562fd33c6db4785c972d2901e,6e0c076b15bbdc7638a65eb322fba4bbb50277be9ccc7c63aea6f0b6bf58b619,5b13849221cf56c49b681d95ed7b8ee86cec083ab693e9c4807eaf76014fe0f8
probe6-sphere-s3,measurement,82,6,128,3000009,1024,160,100,8,1016,0.366084,0.3603188976377953,368.9665511811024,0.8528851000010036,NVIDIA GeForce RTX 4080 Laptop GPU/PCIe/SSE2,08cbcb4555bd6df102e797b7c9d65460be0db21562fd33c6db4785c972d2901e,80ea5fb390c6924d499455177dc563808278879e626eb6bad4fe4e020d0b17f9,c05902bd25538690d73c4204b2d043c0b1b8ebc8de77a8dafd2e703ff72ab4a7
probe6-sphere-s4,measurement,82,6,128,4000012,1024,160,100,8,1016,0.38037070000000034,0.3743806102362208,383.3657448818901,0.8985576000122819,NVIDIA GeForce RTX 4080 Laptop GPU/PCIe/SSE2,08cbcb4555bd6df102e797b7c9d65460be0db21562fd33c6db4785c972d2901e,9f584035c9ccc84b747e3728a75aeb184a8caaf3d004dc6d65c36570b3d5e7b2,0086e435a92e30965e3ad901705ae08e25efd0c0d9acff09381a12231f5891e0
probe6-sphere-s5,measurement,82,6,128,5000015,1024,160,100,8,1016,0.37845559999999917,0.37249566929133776,381.43556535432987,0.885572700004559,NVIDIA GeForce RTX 4080 Laptop GPU/PCIe/SSE2,08cbcb4555bd6df102e797b7c9d65460be0db21562fd33c6db4785c972d2901e,9367b3d83fd962a0a2260f753b38ba41efbe6d9b5033fece7168a0ef79d61d59,31f80f72c5f3c3cff4046e4c14c3da524b58c81fa24dd07559c38a744e58277a
probe6-spins-s0,measurement,82,6,896,0,1024,160,100,8,1016,0.9281356999999989,0.9135193897637784,935.4438551181091,1.4104897000070196,NVIDIA GeForce RTX 4080 Laptop GPU/PCIe/SSE2,08cbcb4555bd6df102e797b7c9d65460be0db21562fd33c6db4785c972d2901e,28f968d76ae014b2b91b5357144426c266ecc114a74aace1b1ffa56a629eb16f,1159b8f30f2fbc1990a4d1bd273c3fc32a5e07f0c3687ec2c8041ac4cc018d0c
probe6-spins-s1,measurement,82,6,896,1000003,1024,160,100,8,1016,0.8729199999999996,0.8591732283464563,879.7933858267712,1.4095748999970965,NVIDIA GeForce RTX 4080 Laptop GPU/PCIe/SSE2,08cbcb4555bd6df102e797b7c9d65460be0db21562fd33c6db4785c972d2901e,b38884e19ec9757f58ad6689ff66e0308f9461f906f9d75b15de9898e9fc35fa,01e4f7973ac2bdbe6bd498530903e4b0cedbf18f43fdbb13bd689dfa494fa353
probe6-spins-s2,measurement,82,6,896,2000006,1024,160,100,8,1016,0.8941238999999999,0.8800432086614172,901.1642456692912,1.4151737999927718,NVIDIA GeForce RTX 4080 Laptop GPU/PCIe/SSE2,08cbcb4555bd6df102e797b7c9d65460be0db21562fd33c6db4785c972d2901e,6945165297f5c3c221c5260bea1076772ff8b5d33357bd86f88a9c84659a0604,fa66c9e94e3da97c0291126099d8e15c34fa529e5eea9718be17ef3cb86a9c09
probe6-spins-s3,measurement,82,6,896,3000009,1024,160,100,8,1016,0.8641875000000002,0.8505782480314963,870.9921259842522,1.3643975000013597,NVIDIA GeForce RTX 4080 Laptop GPU/PCIe/SSE2,08cbcb4555bd6df102e797b7c9d65460be0db21562fd33c6db4785c972d2901e,8f30a694b7212bd3be37fab730995ce6e6d7c41d00f5597ef07ab741e5602a70,4837d4731cdcd83786b22fce5215727b1b8cf440316e11d07ef8c804fb3b963c
probe6-spins-s4,measurement,82,6,896,4000012,1024,160,100,8,1016,0.8958427000000005,0.8817349409448824,902.8965795275595,1.4311727000022074,NVIDIA GeForce RTX 4080 Laptop GPU/PCIe/SSE2,08cbcb4555bd6df102e797b7c9d65460be0db21562fd33c6db4785c972d2901e,c2b234c53c44c5a0ea5dcccd90d6f84fe1bb492e0b1bddd232760d6d77779479,ac9ad1c572c2ae5fe719996722acc6a9c2419a54b4d3e9420bfa9c2584433123
probe6-spins-s5,measurement,82,6,896,5000015,1024,160,100,8,1016,0.855084400000001,0.8416185039370089,861.8173480314971,1.3296916999970563,NVIDIA GeForce RTX 4080 Laptop GPU/PCIe/SSE2,08cbcb4555bd6df102e797b7c9d65460be0db21562fd33c6db4785c972d2901e,552e8bac05a1a20724e2880ed263fe595affe648043eb1d775b4360490e18ae0,a9fa57bea724497bc11926ce2ade8e422831514a2baf43fa4f48ca437dee70b0
probe6-ut-s0,measurement,82,6,1024,0,1024,160,100,8,1016,0.3564296000000001,0.35081653543307095,359.23613228346466,0.8862506000004942,NVIDIA GeForce RTX 4080 Laptop GPU/PCIe/SSE2,08cbcb4555bd6df102e797b7c9d65460be0db21562fd33c6db4785c972d2901e,2b532e64b655d1b5b17c6deb04c187800e555e5b7c9e8a4b65c5986fc29b4881,2e4b675a6942930bfc10de29df6bcc71e5e772f60b6bd0c9fc04819c26517998
probe6-ut-s1,measurement,82,6,1024,1000003,1024,160,100,8,1016,0.3640918999999999,0.35835816929133846,366.9587653543306,0.8521707000036258,NVIDIA GeForce RTX 4080 Laptop GPU/PCIe/SSE2,08cbcb4555bd6df102e797b7c9d65460be0db21562fd33c6db4785c972d2901e,a30ae8bcae5b2a2935c24cae335900e3fe800b1e8defe5dc5abb64e08872e046,2aa46c824782c61dddd254c4b05d7437801f209a68521b4cf94924b498ca34a9
probe6-ut-s2,measurement,82,6,1024,2000006,1024,160,100,8,1016,0.35218979999999983,0.3466435039370077,354.9629480314959,0.8495100000000093,NVIDIA GeForce RTX 4080 Laptop GPU/PCIe/SSE2,08cbcb4555bd6df102e797b7c9d65460be0db21562fd33c6db4785c972d2901e,0cf2b9447fc9ac8460727c25ba272ebf9acd0a8510652fbd7a34a5c5a3612e09,7a576fc17af602afac3f390e4bd7b08deee86232dfebaf1521c7b6f23d054b70
probe6-ut-s3,measurement,82,6,1024,3000009,1024,160,100,8,1016,0.3443214000000001,0.3388990157480316,347.03259212598437,0.8317826999991667,NVIDIA GeForce RTX 4080 Laptop GPU/PCIe/SSE2,08cbcb4555bd6df102e797b7c9d65460be0db21562fd33c6db4785c972d2901e,dad4cd40521b33ec2545fc4fee701b77e6da95f76f9db522062952e9534efc59,82467af421a77eca22adbbf66ab5f0f279100b40733c5007eb8ca294621dab0a
probe6-ut-s4,measurement,82,6,1024,4000012,1024,160,100,8,1016,0.3748812000000007,0.3689775590551188,377.83302047244166,0.874196499993559,NVIDIA GeForce RTX 4080 Laptop GPU/PCIe/SSE2,08cbcb4555bd6df102e797b7c9d65460be0db21562fd33c6db4785c972d2901e,2e9eedd774ef793ec2e67405bf666eb8e3d73518c41447ee8db963f6b97bf832,d88e311c9f59e5e92c47b8e23c52bb09901db80d3003e1d344c114e394e1b960
probe6-ut-s5,measurement,82,6,1024,5000015,1024,160,100,8,1016,0.35425540000000033,0.34867657480314995,357.04481259842555,0.8581946000049356,NVIDIA GeForce RTX 4080 Laptop GPU/PCIe/SSE2,08cbcb4555bd6df102e797b7c9d65460be0db21562fd33c6db4785c972d2901e,f7dff2a888edb7ff6247b7698fa0231e9600bdcd991741a565196935fcd94121,fc157cd9cd0fa5243a444ad88f63820b55d1f3b8960d61ae3918b44e3fa4481b
probe6-uv-s0,measurement,82,6,8,0,1024,160,100,8,1016,0.35250309999999957,0.34695187007873973,355.2787149606295,0.8267939000070328,NVIDIA GeForce RTX 4080 Laptop GPU/PCIe/SSE2,08cbcb4555bd6df102e797b7c9d65460be0db21562fd33c6db4785c972d2901e,de0672499de0962f5020a58d9cd1199f9338891b624e386ea2f3b43fa6f93449,29bb4eb327cb9f96aebfad1849cdf2474befefea76b2e42730b437a926bfcd05
probe6-uv-s1,measurement,82,6,8,1000003,1024,160,100,8,1016,0.3601223000000001,0.35445108267716546,362.95790866141743,0.8327201000065543,NVIDIA GeForce RTX 4080 Laptop GPU/PCIe/SSE2,08cbcb4555bd6df102e797b7c9d65460be0db21562fd33c6db4785c972d2901e,b19ff9d5b43259704d3e091a7ceb662c18655e3ac26df5c06910cea8028e2840,9275f05d05fd1324b7bd1e8fb0a9259ce4df40843717e1fa3e39fbadb15fbd3c
probe6-uv-s2,measurement,82,6,8,2000006,1024,160,100,8,1016,0.3214346000000002,0.31637263779527575,323.96558110236236,0.8046036999876378,NVIDIA GeForce RTX 4080 Laptop GPU/PCIe/SSE2,08cbcb4555bd6df102e797b7c9d65460be0db21562fd33c6db4785c972d2901e,ce7d51dce6bd5977653730376babc94c347ca28b486dfcebd7340d9f4d1565e5,49422694c2f04e4a4f675f5f3b79cfc68090a4b10ed5a4eb958eecdcf4eddd18
probe6-uv-s3,measurement,82,6,8,3000009,1024,160,100,8,1016,0.3547583999999999,0.34917165354330704,357.5517732283464,0.8281827000027988,NVIDIA GeForce RTX 4080 Laptop GPU/PCIe/SSE2,08cbcb4555bd6df102e797b7c9d65460be0db21562fd33c6db4785c972d2901e,0b3bf493ca7bb3ed3660d16c7addf23355ec9432236b208ab489c7f2ada86bf9,90cc1739ce807e346327abd07c311de8d66ad510b4140178665cf97b4cd1460f
probe6-uv-s4,measurement,82,6,8,4000012,1024,160,100,8,1016,0.36442829999999987,0.3586892716535432,367.29781417322823,0.8548748000030173,NVIDIA GeForce RTX 4080 Laptop GPU/PCIe/SSE2,08cbcb4555bd6df102e797b7c9d65460be0db21562fd33c6db4785c972d2901e,fbb40a5ec239f348d53e6376c27c8acd2ef1e55853f21225027520ac9aa0185d,2636bf1c577bf5805ef364e9b81166064efd8dbd8576683143164aa263efb757
probe6-uv-s5,measurement,82,6,8,5000015,1024,160,100,8,1016,0.34691799999999995,0.3414547244094488,349.64963779527557,0.8342963999893982,NVIDIA GeForce RTX 4080 Laptop GPU/PCIe/SSE2,08cbcb4555bd6df102e797b7c9d65460be0db21562fd33c6db4785c972d2901e,1640bf080aa06f69fc140cd848d07c7fed5f2d48f892ff4a8836c597ed895f08,66ae17585f6e545f39d286b1f9cf5830ab727d492b42ee738aedeb0d997df875
probe6-uv-sphere-s0,measurement,82,6,136,0,1024,160,100,8,1016,0.5142131999999999,0.5061153543307085,518.2621228346455,0.9948976000014227,NVIDIA GeForce RTX 4080 Laptop GPU/PCIe/SSE2,08cbcb4555bd6df102e797b7c9d65460be0db21562fd33c6db4785c972d2901e,0bb4934dd11441150b08e51c9fa409940e02569e03735f78aee042598034813e,34382bfe22814e62478d9af24ff63c832bbefe97e7fe5bc5705965cb2f9a5746
probe6-uv-sphere-s1,measurement,82,6,136,1000003,1024,160,100,8,1016,0.5405452000000001,0.5320326771653544,544.8014614173229,1.2760195000009844,NVIDIA GeForce RTX 4080 Laptop GPU/PCIe/SSE2,08cbcb4555bd6df102e797b7c9d65460be0db21562fd33c6db4785c972d2901e,349afed0c8d2a0cf79f312ea936aacd1b2e627c8d16062aeb02aed589fc9298d,730cf5bd2190df6a5ccf574923f2923ef8910346494101551308ff97242c7e74
probe6-uv-sphere-s2,measurement,82,6,136,2000006,1024,160,100,8,1016,0.5371279000000007,0.5286691929133864,541.3572535433077,1.0464741999894613,NVIDIA GeForce RTX 4080 Laptop GPU/PCIe/SSE2,08cbcb4555bd6df102e797b7c9d65460be0db21562fd33c6db4785c972d2901e,cc2c984a223571dd98243a79db5ac8d1638f45f2c7d82e3eccc2d1dc7acafaf2,a47d0dd9389a474bc683680fea73df86ea1d01a1084b508466a10e76f8231e1e
probe6-uv-sphere-s3,measurement,82,6,136,3000009,1024,160,100,8,1016,0.5061458999999995,0.4981750984251963,510.131300787401,1.0055734000052325,NVIDIA GeForce RTX 4080 Laptop GPU/PCIe/SSE2,08cbcb4555bd6df102e797b7c9d65460be0db21562fd33c6db4785c972d2901e,dc5e367f861d5b442dcf6372090c2977ca349e4be4e0e7c9eeab6cca42f6c409,43857d2b7c65e27757de2adde9e553e42c475188707d1667fa98639bc673c186
probe6-uv-sphere-s4,measurement,82,6,136,4000012,1024,160,100,8,1016,0.5405942,0.532080905511811,544.8508472440944,1.0142835000006016,NVIDIA GeForce RTX 4080 Laptop GPU/PCIe/SSE2,08cbcb4555bd6df102e797b7c9d65460be0db21562fd33c6db4785c972d2901e,07f774f0970cd3ea02c29ba53b7a753d8f71d86ac10febd16c8103f218cf4c39,ffb0b1760a270e1e02d3657e2df51a08cad24b04b058611c23e43600c99a8129
probe6-uv-sphere-s5,measurement,82,6,136,5000015,1024,160,100,8,1016,0.5441762000000003,0.5356064960629925,548.4610519685043,1.0884245000052033,NVIDIA GeForce RTX 4080 Laptop GPU/PCIe/SSE2,08cbcb4555bd6df102e797b7c9d65460be0db21562fd33c6db4785c972d2901e,13f677a8391a39ec76ca6e33e09e7d9e9bb05f6daecc45c6401f4d0b8bcf3339,fca52127f21100e9d55c89f2b0fe61ef2aaa01ad897a9c13e1389eacecbddb83
probe6-vt-s0,measurement,82,6,2048,0,1024,160,100,8,1016,0.43485840000000037,0.4280102362204728,438.28248188976414,0.9819954999984475,NVIDIA GeForce RTX 4080 Laptop GPU/PCIe/SSE2,08cbcb4555bd6df102e797b7c9d65460be0db21562fd33c6db4785c972d2901e,74475bf75cbb60362000c934d65597e8c4c4ac2f68048f4f8faff4621098c83a,4f1a4e971f7843a27d89ca39f8ff8af4921002ad1f3fa8a3ef3a329cf02adc6f
probe6-vt-s1,measurement,82,6,2048,1000003,1024,160,100,8,1016,0.3610674999999997,0.35538139763779497,363.91055118110205,0.819924199997331,NVIDIA GeForce RTX 4080 Laptop GPU/PCIe/SSE2,08cbcb4555bd6df102e797b7c9d65460be0db21562fd33c6db4785c972d2901e,03edf316631c54db235743bd8569a6218e10df63a6b2885864406f5fa31feab7,03b10961099a76e8ac3463e2ff7feb69da148233097a5535b1c77b8db15ae367
probe6-vt-s2,measurement,82,6,2048,2000006,1024,160,100,8,1016,0.35926819999999965,0.35361043307086576,362.09708346456654,1.100815900004818,NVIDIA GeForce RTX 4080 Laptop GPU/PCIe/SSE2,08cbcb4555bd6df102e797b7c9d65460be0db21562fd33c6db4785c972d2901e,21036ea5eea0ae04bb667674ee6d0792d1a111ff57fefa78296ace9280100629,23951b0fe692ccc401c63ca901e50cc67b943b4d7977da6d0b386181b97b7c32
probe6-vt-s3,measurement,82,6,2048,3000009,1024,160,100,8,1016,0.37610490000000063,0.37018198818897696,379.0663559055124,0.9146479000046384,NVIDIA GeForce RTX 4080 Laptop GPU/PCIe/SSE2,08cbcb4555bd6df102e797b7c9d65460be0db21562fd33c6db4785c972d2901e,ecfc0c866aacb35d4dd02143ed44bc817889deb7fda9847ccb87e95f7604b1a0,3c9fd2dbbcffe9c4cda7b9e763380f4bc15c627f4f12eecaac777c4efe6fee1a
probe6-vt-s4,measurement,82,6,2048,4000012,1024,160,100,8,1016,0.3408024999999995,0.3354355314960625,343.485984251968,0.8103946000046562,NVIDIA GeForce RTX 4080 Laptop GPU/PCIe/SSE2,08cbcb4555bd6df102e797b7c9d65460be0db21562fd33c6db4785c972d2901e,fcbc24df92f0564a5bc00b5798283568d10cace0f92c75b2430042b8ece119a1,e05f79ca123859d2ed69882a144ea434cd8000da67c84fc67fa22c8b4357c80e
probe6-vt-s5,measurement,82,6,2048,5000015,1024,160,100,8,1016,0.3625644000000002,0.356854724409449,365.41923779527576,1.0809020999877248,NVIDIA GeForce RTX 4080 Laptop GPU/PCIe/SSE2,08cbcb4555bd6df102e797b7c9d65460be0db21562fd33c6db4785c972d2901e,805278e8f420d7585829e76e9afd8adf964aaabaa98328a86623f4dbfb8bf8a2,6beed4a892276c94d32035f0b6965239623de66f1b623c1dff8bea83f1806e8a
probe7-planes-s0,measurement,82,7,3080,0,1024,160,100,8,1016,0.5047313000000004,0.4967827755905516,508.70556220472486,1.0014380999928107,NVIDIA GeForce RTX 4080 Laptop GPU/PCIe/SSE2,08cbcb4555bd6df102e797b7c9d65460be0db21562fd33c6db4785c972d2901e,978a81e056fb76dba9a896841bbe35afcc7757031f0b9223b60e29b594b826b3,617c6b0d31ad0c0d2c9a892411faab48752cde6c3c876c2349fb6d6689381641
probe7-planes-s1,measurement,82,7,3080,1000003,1024,160,100,8,1016,0.4985388000000006,0.49068779527559114,502.46430236220533,0.9955861000053119,NVIDIA GeForce RTX 4080 Laptop GPU/PCIe/SSE2,08cbcb4555bd6df102e797b7c9d65460be0db21562fd33c6db4785c972d2901e,e05bd19a0b19cb810ee34af503c77eb0f8e8b2cdf55e3b6f626802528c45569a,25f798c241ea01248a64b6e1852a5ad6e71fb9eebeaad8716ca8892cb3012752
probe7-planes-s2,measurement,82,7,3080,2000006,1024,160,100,8,1016,0.4609020999999995,0.45364379921259795,464.5312503937003,1.2558639999915613,NVIDIA GeForce RTX 4080 Laptop GPU/PCIe/SSE2,08cbcb4555bd6df102e797b7c9d65460be0db21562fd33c6db4785c972d2901e,fe4a4da4322b89460257a178bc49233fe6d009e5dadff375d227d1970eade495,fb7bad133ee3c2bfa34fc842c7056ee038bd5ba74e60816e3067d781c5f27764
probe7-planes-s3,measurement,82,7,3080,3000009,1024,160,100,8,1016,0.5072914999999999,0.4993026574803148,511.2859212598424,0.9915225000004284,NVIDIA GeForce RTX 4080 Laptop GPU/PCIe/SSE2,08cbcb4555bd6df102e797b7c9d65460be0db21562fd33c6db4785c972d2901e,e0db5b3c9b96d9abc4d58c8499d0ee1237eea7b7ab2306109bbd5dc388320d9d,ede1988435a7b001f79f3768a2471da9f58e54108e1da317697704d47a8d642e
probe7-planes-s4,measurement,82,7,3080,4000012,1024,160,100,8,1016,0.5295063999999997,0.5211677165354328,533.6757417322832,1.0279115000012098,NVIDIA GeForce RTX 4080 Laptop GPU/PCIe/SSE2,08cbcb4555bd6df102e797b7c9d65460be0db21562fd33c6db4785c972d2901e,cf6900c81ea683972b8ea245f87da6c91e37d93a918e0f80f3f8030548185da1,f0153eb76d4ad46baa380c0738d71ceb53aacba247dec3ef01631e5098648b40
probe7-planes-s5,measurement,82,7,3080,5000015,1024,160,100,8,1016,0.48554009999999975,0.47789379921259817,489.3632503937005,0.9794756000046618,NVIDIA GeForce RTX 4080 Laptop GPU/PCIe/SSE2,08cbcb4555bd6df102e797b7c9d65460be0db21562fd33c6db4785c972d2901e,1f5644cc717a4a531e08d3a7050713d05e041cc2fa4b6640445835aaa828a986,f739835490b8325492adf6e4cdccc7a951fd746f58965117cdce8c5482f5676c
probe7-six-s0,measurement,82,7,3976,0,1024,160,100,8,1016,1.2939096999999993,1.2735331692913379,1304.09796535433,1.8103610000107437,NVIDIA GeForce RTX 4080 Laptop GPU/PCIe/SSE2,08cbcb4555bd6df102e797b7c9d65460be0db21562fd33c6db4785c972d2901e,a6e9cb0d946cc9dc34460a1eeae05172b553dc4f9f59af81adca77a202c01b67,3ca972b9c08e86d72336c87326262c5f868e954945b991553b9a9afce68be37f
probe7-six-s1,measurement,82,7,3976,1000003,1024,160,100,8,1016,1.2628578999999984,1.2429703740157465,1272.8016629921244,1.7632019000011496,NVIDIA GeForce RTX 4080 Laptop GPU/PCIe/SSE2,08cbcb4555bd6df102e797b7c9d65460be0db21562fd33c6db4785c972d2901e,4f0b441b973bfaaa074bd7f3c437d63a8fd75f3550c0183f87d1370be7466062,4ffc2bef47d2ccfa2af2b7858363f5064932ddfb8ddc4ef6557a5d0f2e2a4c10
probe7-six-s2,measurement,82,7,3976,2000006,1024,160,100,8,1016,1.2698970999999983,1.2498987204724392,1279.8962897637778,1.7839467000012519,NVIDIA GeForce RTX 4080 Laptop GPU/PCIe/SSE2,08cbcb4555bd6df102e797b7c9d65460be0db21562fd33c6db4785c972d2901e,5dedb2b2efe3307847e806193990af691cbf19f823badb39411f41379aba26f5,dfb471165c089a59b0ae8ffa78284d410e065b44939698b42e32d38a5c81ae39
probe7-six-s3,measurement,82,7,3976,3000009,1024,160,100,8,1016,1.2319702000000008,1.21256909448819,1241.6707527559065,1.7174841999949422,NVIDIA GeForce RTX 4080 Laptop GPU/PCIe/SSE2,08cbcb4555bd6df102e797b7c9d65460be0db21562fd33c6db4785c972d2901e,ff09ec29eda504843ba1d2f48e03f32d6149acd28fcce09f629c82a85c526de2,5fc2d34a1233e1e978fe900b806acc917aeb1e8f4493da0c787627ad115eb599
probe7-six-s4,measurement,82,7,3976,4000012,1024,160,100,8,1016,1.296974500000002,1.2765497047244112,1307.186897637797,1.836994400000549,NVIDIA GeForce RTX 4080 Laptop GPU/PCIe/SSE2,08cbcb4555bd6df102e797b7c9d65460be0db21562fd33c6db4785c972d2901e,221695a29e4e343b45b1a4b9609ceaebc103f1206db89a357767f2f31037bf05,e29867b7e2e8c03eef6b2d400598cbebd1c5424e5cb4b44afcb42130070a3160
probe7-six-s5,measurement,82,7,3976,5000015,1024,160,100,8,1016,1.2759568999999977,1.2558630905511787,1286.003804724407,1.7677705999958562,NVIDIA GeForce RTX 4080 Laptop GPU/PCIe/SSE2,08cbcb4555bd6df102e797b7c9d65460be0db21562fd33c6db4785c972d2901e,f4c0c13daf2f836cd25ed5512128cd440495f571ab4acb08fb567ed82aaf571e,2083685562ecce3e2c81551706bdf3ccfad78f0e2c3c8655d8cb9973be2aa460
probe7-sphere-s0,measurement,82,7,128,0,1024,160,100,8,1016,0.35683319999999946,0.35121377952755856,359.64291023621996,0.8640808000054676,NVIDIA GeForce RTX 4080 Laptop GPU/PCIe/SSE2,08cbcb4555bd6df102e797b7c9d65460be0db21562fd33c6db4785c972d2901e,24e95e05f39f9f3284c1e802e868e3eb5ca83f8ee2d7906dfa58ec5cd1df77ef,5b7888c7c9838938f20c2b0722a7674beed45d20d5b0447cc3af2046c5a1e506
probe7-sphere-s1,measurement,82,7,128,1000003,1024,160,100,8,1016,0.3705198000000001,0.3646848425196852,373.43727874015764,0.8889603999996325,NVIDIA GeForce RTX 4080 Laptop GPU/PCIe/SSE2,08cbcb4555bd6df102e797b7c9d65460be0db21562fd33c6db4785c972d2901e,f8f2ebd26c2301dcd163761a6963b26c823e0be2432c9596b7fe3a5d7e3ebc97,892bcfad6b7dc7e907c1abbbe2080215de27a68827efe90d5667894c08962a98
probe7-sphere-s2,measurement,82,7,128,2000006,1024,160,100,8,1016,0.3710727,0.36522903543307084,373.99453228346454,0.8466882999928202,NVIDIA GeForce RTX 4080 Laptop GPU/PCIe/SSE2,08cbcb4555bd6df102e797b7c9d65460be0db21562fd33c6db4785c972d2901e,fec663adffbdc9a4ebf41328aa347a2573c7421582aeb9df89cb0edbd714b84f,cb3335181d3087ab57d30aeae4de49c4374ef0d350afafccd4e92c97ea89e035
probe7-sphere-s3,measurement,82,7,128,3000009,1024,160,100,8,1016,0.38018390000000013,0.37419675196850405,383.17747401574815,0.8819902000104776,NVIDIA GeForce RTX 4080 Laptop GPU/PCIe/SSE2,08cbcb4555bd6df102e797b7c9d65460be0db21562fd33c6db4785c972d2901e,98acdc086e5cf8399343f9f761ebe1b29a70ee689c8269de4719e58d948480dd,a4dd6f77abc97c887eb480fb517b21c844cbf073364a2e09a643bd99260435f2
probe7-sphere-s4,measurement,82,7,128,4000012,1024,160,100,8,1016,0.3714731999999995,0.3656232283464562,374.39818582677117,0.8376490999944508,NVIDIA GeForce RTX 4080 Laptop GPU/PCIe/SSE2,08cbcb4555bd6df102e797b7c9d65460be0db21562fd33c6db4785c972d2901e,de9f8043a7a637b365c9681cf1f8e6233e1c2d46a1644746e50bd7607b17958f,53785461f283a3c2ba68288dbcc4b0c3aa4b3aac0ca22b9b7c2fbbbc526ce60f
probe7-sphere-s5,measurement,82,7,128,5000015,1024,160,100,8,1016,0.35870059999999987,0.3530517716535432,361.5250141732282,0.846123199997237,NVIDIA GeForce RTX 4080 Laptop GPU/PCIe/SSE2,08cbcb4555bd6df102e797b7c9d65460be0db21562fd33c6db4785c972d2901e,498c95733d01b2f4fb78ad13a9ade8816e5424f3308ab9c3ca44bf68f0ca4934,adaf9b07a50b61af212f79c9c1f7911f32f53f2f42324d98f185d1994fe9d61b
probe7-spins-s0,measurement,82,7,896,0,1024,160,100,8,1016,0.8786912000000007,0.8648535433070873,885.6100283464574,1.3801903999992646,NVIDIA GeForce RTX 4080 Laptop GPU/PCIe/SSE2,08cbcb4555bd6df102e797b7c9d65460be0db21562fd33c6db4785c972d2901e,797b69e7471b3901cdbdff96e2854ce6879141a7b7a93a6b21b277f15f483262,046e1d3a58351e2e50cca44c87861ead56e0c8cdbb859a4bb8ea382604cd2407
probe7-spins-s1,measurement,82,7,896,1000003,1024,160,100,8,1016,0.8575610000000001,0.8440561023622049,864.3134488188978,1.3304249999928288,NVIDIA GeForce RTX 4080 Laptop GPU/PCIe/SSE2,08cbcb4555bd6df102e797b7c9d65460be0db21562fd33c6db4785c972d2901e,711228aa74abe2ca172d56a66eb9b5bf1221c6533ca6df9fd6390bef1daaa1db,35936e7f4db4fae24b785414b5bb13610e98cb969ff0141d488ccc3bfb5921f9
probe7-spins-s2,measurement,82,7,896,2000006,1024,160,100,8,1016,0.8457659000000008,0.8324467519685048,852.4254740157489,1.3603371999925002,NVIDIA GeForce RTX 4080 Laptop GPU/PCIe/SSE2,08cbcb4555bd6df102e797b7c9d65460be0db21562fd33c6db4785c972d2901e,d073025fe4d646769cd9cdc9d841792aee6db6ff0297ec940f03dc57204fc63a,95f2bb3f372da82318fb5692b8fda09aaecdd559f00c22ac61d69f1d3f0285f4
probe7-spins-s3,measurement,82,7,896,3000009,1024,160,100,8,1016,0.8580035000000013,0.844491633858269,864.7594330708674,1.377823199989507,NVIDIA GeForce RTX 4080 Laptop GPU/PCIe/SSE2,08cbcb4555bd6df102e797b7c9d65460be0db21562fd33c6db4785c972d2901e,5314bf295ac063a57f5e1311fe6521ff4d9d3e525cae149adc4d6a2a822b4c03,a81ded5ce243478b160cfeb9c80aa0ec6ea22cdbe906ec603ac9824e6b743e0c
probe7-spins-s4,measurement,82,7,896,4000012,1024,160,100,8,1016,0.8459457999999993,0.832623818897637,852.6067905511803,1.3476857999921776,NVIDIA GeForce RTX 4080 Laptop GPU/PCIe/SSE2,08cbcb4555bd6df102e797b7c9d65460be0db21562fd33c6db4785c972d2901e,c2b105811661e11b6dc63c1934ed991e532ba06e732988e53a27c0c4e6d9364a,7bb58801d9f1bfdaa353e9bffdc88a87e38d86cf5ffb44179672c0add753d929
probe7-spins-s5,measurement,82,7,896,5000015,1024,160,100,8,1016,0.8786144000000002,0.8647779527559057,885.5326236220475,1.6771727000013925,NVIDIA GeForce RTX 4080 Laptop GPU/PCIe/SSE2,08cbcb4555bd6df102e797b7c9d65460be0db21562fd33c6db4785c972d2901e,c8a8b24b9c2061c875a063699c3dfeca2943cbc82f67fbd4943ad2517d086ed8,8a2588416b0572eeb0036010dce36acbf7eb7e32f6e2f41b9e6027c5b04a14de
probe7-ut-s0,measurement,82,7,1024,0,1024,160,100,8,1016,0.36359829999999993,0.35787234251968497,366.4612787401574,0.894144400008372,NVIDIA GeForce RTX 4080 Laptop GPU/PCIe/SSE2,08cbcb4555bd6df102e797b7c9d65460be0db21562fd33c6db4785c972d2901e,d46422a96b99f99b35282e646ea446d49f56a926cd2dfc4b456ce58f607c27d7,65ffa80dac23f275054c6367a210d87e8a802062505040e355586a34e6a64447
probe7-ut-s1,measurement,82,7,1024,1000003,1024,160,100,8,1016,0.3566966000000004,0.3510793307086619,359.50523464566976,0.8390139999974053,NVIDIA GeForce RTX 4080 Laptop GPU/PCIe/SSE2,08cbcb4555bd6df102e797b7c9d65460be0db21562fd33c6db4785c972d2901e,267897fade1c75136eb5e5291f1aea5054526a1f3d408918cc556583102b153e,ace99a8ee280979e6d0f4af55029373215e0eab067fcace51f28b92aca86ff7c
probe7-ut-s2,measurement,82,7,1024,2000006,1024,160,100,8,1016,0.3810458999999998,0.3750451771653542,384.0462614173227,0.8619136000052094,NVIDIA GeForce RTX 4080 Laptop GPU/PCIe/SSE2,08cbcb4555bd6df102e797b7c9d65460be0db21562fd33c6db4785c972d2901e,fbd268385720740d35eea91aa6570ec069203acbdedded960a8e10afb14cbd35,4f0ece0415ec23ea36e3f0bc409a0baad54f881e10d0457744d29e6c74684b9e
probe7-ut-s3,measurement,82,7,1024,3000009,1024,160,100,8,1016,0.3561303,0.35052194881889764,358.9344755905512,0.8277629000076558,NVIDIA GeForce RTX 4080 Laptop GPU/PCIe/SSE2,08cbcb4555bd6df102e797b7c9d65460be0db21562fd33c6db4785c972d2901e,671ca98d2f6f2b9f91217366f703fed790b04c710ff8c1b53e8ebf23f087c8ea,8ef3e130f1840d28594e91888eb7aea36bb64ea5a0b77d12012526a77698e190
probe7-ut-s4,measurement,82,7,1024,4000012,1024,160,100,8,1016,0.3605272000000001,0.3548496062992127,363.3659968503938,0.8569879999995464,NVIDIA GeForce RTX 4080 Laptop GPU/PCIe/SSE2,08cbcb4555bd6df102e797b7c9d65460be0db21562fd33c6db4785c972d2901e,7557239125389bc14b1a26e8315d2e7b0dfc00f3ef123922a42466f13ef5433e,427640f5521bd177a22b1968bd1d890b3beeb029af966cf08c70878c671ddde7
probe7-ut-s5,measurement,82,7,1024,5000015,1024,160,100,8,1016,0.3816386000000004,0.375628543307087,384.6436283464571,0.9578945999965072,NVIDIA GeForce RTX 4080 Laptop GPU/PCIe/SSE2,08cbcb4555bd6df102e797b7c9d65460be0db21562fd33c6db4785c972d2901e,b0c4b0b72f043c6f21c78b568eac20e105d1c1d020f746a3e125dfaf797dbc70,54b784c0d8ed9c61124a28ee4b171741474b4bea0a38cd4707809e3b423720b3
probe7-uv-s0,measurement,82,7,8,0,1024,160,100,8,1016,0.3451791000000001,0.33974320866141744,347.89704566929146,0.8343107999971835,NVIDIA GeForce RTX 4080 Laptop GPU/PCIe/SSE2,08cbcb4555bd6df102e797b7c9d65460be0db21562fd33c6db4785c972d2901e,76e97ed897e1aced0121bbf788e32cf9f7dd87a2b6f6a0e7a20025372f0dea4a,643fde2021034a0fbbc8194793f774c46c45382a4a120000375a9a556fd04042
probe7-uv-s1,measurement,82,7,8,1000003,1024,160,100,8,1016,0.37072949999999993,0.36489124015748026,373.6486299212598,0.8812203999987105,NVIDIA GeForce RTX 4080 Laptop GPU/PCIe/SSE2,08cbcb4555bd6df102e797b7c9d65460be0db21562fd33c6db4785c972d2901e,ede33dbf2e7e52826526836d1f03844ec17673a06e2c32a6ff9899b4f2940d56,918ec0705556726c5d81fb1e1388065d7b05ec83da32b37ae0bcd0c9e0076353
probe7-uv-s2,measurement,82,7,8,2000006,1024,160,100,8,1016,0.33929800000000016,0.333954724409449,341.9696377952758,1.10478019999573,NVIDIA GeForce RTX 4080 Laptop GPU/PCIe/SSE2,08cbcb4555bd6df102e797b7c9d65460be0db21562fd33c6db4785c972d2901e,ddfa2976f60083ae94eb7f7f3e56a07182aa02937621bf54999a844720cc246a,d8e61daf008e1e60ca7c43509148da78a2f57c45269d2a056d4f3f33b7f48e73
probe7-uv-s3,measurement,82,7,8,3000009,1024,160,100,8,1016,0.35129879999999986,0.34576653543307073,354.06493228346443,0.8398493999993661,NVIDIA GeForce RTX 4080 Laptop GPU/PCIe/SSE2,08cbcb4555bd6df102e797b7c9d65460be0db21562fd33c6db4785c972d2901e,78a87677ff6ee8ddb68d536ba63125e8dcf0b3684c226ec65c95162ae437a9e7,7f311f11a64857de79fec2ab9177c7b8eaf4d398e9764704c6b0cad83d70cbdb
probe7-uv-s4,measurement,82,7,8,4000012,1024,160,100,8,1016,0.33222099999999993,0.3269891732283464,334.83691338582673,0.8317636000138009,NVIDIA GeForce RTX 4080 Laptop GPU/PCIe/SSE2,08cbcb4555bd6df102e797b7c9d65460be0db21562fd33c6db4785c972d2901e,2b7325752e7ef07be6d32607bff919f293a958904b82d1412822b19014174705,d602a1af4d36775068ed7bdca1fbb3ef0a9405113dd4b85c7c9f4b9eee6b4dd1
probe7-uv-s5,measurement,82,7,8,5000015,1024,160,100,8,1016,0.3551753999999997,0.3495820866141729,357.97205669291304,0.8496266000001924,NVIDIA GeForce RTX 4080 Laptop GPU/PCIe/SSE2,08cbcb4555bd6df102e797b7c9d65460be0db21562fd33c6db4785c972d2901e,8b2fcc84a8accf2620ab6c871720df3ab44e4675c15329355771835b4b62b967,0980826b7247c88fc678c46e16ef0b810eb3d1e36b3283dcaea2d06db4a0a0d4
probe7-uv-sphere-s0,measurement,82,7,136,0,1024,160,100,8,1016,0.5481161999999997,0.5394844488188973,552.4320755905509,1.021599999992759,NVIDIA GeForce RTX 4080 Laptop GPU/PCIe/SSE2,08cbcb4555bd6df102e797b7c9d65460be0db21562fd33c6db4785c972d2901e,b4359398f4b1f98c1ec50a41fc219c0728baff89864e41ef5884178fdf5eb087,0fed2e638a18229bdaa649ec14f0134a71cb7cf95c68913b3ec2cd33aa3db8af
probe7-uv-sphere-s1,measurement,82,7,136,1000003,1024,160,100,8,1016,0.5148335,0.5067258858267717,518.8873070866142,1.027011499987566,NVIDIA GeForce RTX 4080 Laptop GPU/PCIe/SSE2,08cbcb4555bd6df102e797b7c9d65460be0db21562fd33c6db4785c972d2901e,c40249e16282deed12a7666f41ada4e6df36d12bfaa7ad6c726906f3099c0066,493de5305b3253e609de7910b6cd8980ca0266362dcf61ff34536952dfcbf157
probe7-uv-sphere-s2,measurement,82,7,136,2000006,1024,160,100,8,1016,0.49293200000000026,0.48516929133858294,496.81335433070893,1.100577199991676,NVIDIA GeForce RTX 4080 Laptop GPU/PCIe/SSE2,08cbcb4555bd6df102e797b7c9d65460be0db21562fd33c6db4785c972d2901e,c73e9832f18af85dec37c9182f739f2d8356ddd43dd234f4fb20cdb788dfb4be,4c9859f8cd39d265f4fe0b9d81eb3c577e4d3da99a58305389725d9b5b411ca7
probe7-uv-sphere-s3,measurement,82,7,136,3000009,1024,160,100,8,1016,0.5477107000000008,0.5390853346456701,552.0233826771662,1.0810727999923984,NVIDIA GeForce RTX 4080 Laptop GPU/PCIe/SSE2,08cbcb4555bd6df102e797b7c9d65460be0db21562fd33c6db4785c972d2901e,7175966f5dbfc624658e7ae31fa0d011fa788b9a127189fb1024caab78c63c8c,fdba9596fa35b05e57a72f0248837950b8a701cba7b9155ab3d9645cd94864f0
probe7-uv-sphere-s4,measurement,82,7,136,4000012,1024,160,100,8,1016,0.5390980999999998,0.5306083661417321,543.3429669291337,1.0636711999977706,NVIDIA GeForce RTX 4080 Laptop GPU/PCIe/SSE2,08cbcb4555bd6df102e797b7c9d65460be0db21562fd33c6db4785c972d2901e,b7f59c4a63d3b96186ed82da9c83ce3b4b33b902182aeac116a3c143f54d3e14,7eb0628871651e6fa2d2856fea13ac2cafff575e4bb4de96eca80789420bb0bf
probe7-uv-sphere-s5,measurement,82,7,136,5000015,1024,160,100,8,1016,0.5463447000000003,0.5377408464566933,550.6466267716539,1.2478819000098156,NVIDIA GeForce RTX 4080 Laptop GPU/PCIe/SSE2,08cbcb4555bd6df102e797b7c9d65460be0db21562fd33c6db4785c972d2901e,59c4d0a2a22ba960e2ff4875b7f75c2598a1b4dfc7da4549b5a43bfeb602531b,7a711247799f4c8214f55face89068a2aeb7bb3b4f5e88132c7305fd4485bb10
probe7-vt-s0,measurement,82,7,2048,0,1024,160,100,8,1016,0.37327680000000013,0.36739842519685056,376.215987401575,0.8494529000017792,NVIDIA GeForce RTX 4080 Laptop GPU/PCIe/SSE2,08cbcb4555bd6df102e797b7c9d65460be0db21562fd33c6db4785c972d2901e,65391ac746aebca022bcd9a2d7b5d83b604a25268ced86843a34399f90a265c9,d28eb333613b9e05eaa5a2512d83f5e080b8332f401bf636a9832fd8857d0c87
probe7-vt-s1,measurement,82,7,2048,1000003,1024,160,100,8,1016,0.3854673000000004,0.37939694881889807,388.5024755905516,0.9296574000036344,NVIDIA GeForce RTX 4080 Laptop GPU/PCIe/SSE2,08cbcb4555bd6df102e797b7c9d65460be0db21562fd33c6db4785c972d2901e,939d595fdd6cbfbeedcb15b85916e128923ce5441fc97967e0419136a81a265e,4d15faa318a4cb210f1803dfcb225bb8ddc82723c1a417188e93ec1f0d9cfd42
probe7-vt-s2,measurement,82,7,2048,2000006,1024,160,100,8,1016,0.34873810000000005,0.3432461614173229,351.48406929133864,0.8450432999961777,NVIDIA GeForce RTX 4080 Laptop GPU/PCIe/SSE2,08cbcb4555bd6df102e797b7c9d65460be0db21562fd33c6db4785c972d2901e,6973285d08764c65027722e7b1fac074c5ba93b993e12bc9f924e08900d772d5,f2967193c0317d234998d78c6a0a92a433be6a0c833197de1f713e76e4d2cab0
probe7-vt-s3,measurement,82,7,2048,3000009,1024,160,100,8,1016,0.3633550999999993,0.3576329724409442,366.2161637795269,0.8964083999890136,NVIDIA GeForce RTX 4080 Laptop GPU/PCIe/SSE2,08cbcb4555bd6df102e797b7c9d65460be0db21562fd33c6db4785c972d2901e,c760a38237731f235f6691f576df6383c705b67ab4834cf605dbcc247a3e8ac5,980c3eceffb3761733e835abca162982f85babf8e8ab00540f52c347b26f2b74
probe7-vt-s4,measurement,82,7,2048,4000012,1024,160,100,8,1016,0.35259389999999985,0.34704124015748017,355.3702299212597,0.8486294999893289,NVIDIA GeForce RTX 4080 Laptop GPU/PCIe/SSE2,08cbcb4555bd6df102e797b7c9d65460be0db21562fd33c6db4785c972d2901e,de6afd3d710845dd0d6b052bb14c508130e23f477aaade853cf34ace45cbaecf,9c550125db48044e40ed3a34fcfdb4fa3ac1bd326394e2473c86d5e9c8794392
probe7-vt-s5,measurement,82,7,2048,5000015,1024,160,100,8,1016,0.38577900000000026,0.3797037401574806,388.81662992126013,0.8916002000041772,NVIDIA GeForce RTX 4080 Laptop GPU/PCIe/SSE2,08cbcb4555bd6df102e797b7c9d65460be0db21562fd33c6db4785c972d2901e,e70d67ab36d4a94d2f13b9f18773d77b9e00397454809931d80b850f7ebb2bc8,6019c585bf29d44bc20b45cac53301182fc45e68965a9f0f9e2aa3bd339002f2
probe8-planes-s0,measurement,82,8,3080,0,1024,160,100,8,1016,0.5220233,0.5138024606299212,526.1337196850393,1.0197293000092031,NVIDIA GeForce RTX 4080 Laptop GPU/PCIe/SSE2,08cbcb4555bd6df102e797b7c9d65460be0db21562fd33c6db4785c972d2901e,b34a089bea3f8c0beed95a072b10e7e257942fd0f30c89bf0c17bcaf5012fffc,7fa8b75578e54c90b3ba27d4f0633fb3d9e3e5ad4dabb220df5068a96e60f5f0
probe8-planes-s1,measurement,82,8,3080,1000003,1024,160,100,8,1016,0.5672368999999998,0.5583040354330707,571.7033322834644,1.083347000007052,NVIDIA GeForce RTX 4080 Laptop GPU/PCIe/SSE2,08cbcb4555bd6df102e797b7c9d65460be0db21562fd33c6db4785c972d2901e,fb670764e6cee42dce862f8e436661e49b26d4d9d008d77f240ced8b0ba4a6d5,13d0b04c195cefd5159b4d2e93e35b24091be491e48dc12c07a539f8b04a0a34
probe8-planes-s2,measurement,82,8,3080,2000006,1024,160,100,8,1016,0.5378678000000005,0.5293974409448823,542.1029795275595,1.1041877000097884,NVIDIA GeForce RTX 4080 Laptop GPU/PCIe/SSE2,08cbcb4555bd6df102e797b7c9d65460be0db21562fd33c6db4785c972d2901e,40b180adda84780755d6311e5d27981545614141d8a805818b16e0f54eb7c517,7cc67308a9a30bbcfde2ac9adf86e900f93b2701333c9121fc544fff940267fc
probe8-planes-s3,measurement,82,8,3080,3000009,1024,160,100,8,1016,0.5405004000000007,0.5319885826771661,544.7563086614181,1.050633499995456,NVIDIA GeForce RTX 4080 Laptop GPU/PCIe/SSE2,08cbcb4555bd6df102e797b7c9d65460be0db21562fd33c6db4785c972d2901e,b34b4407a4531658851e903544e1481b63edd7baab552b5c79f48406f64150ee,2fae5db16bec9318d4d90354e2c2c871f687907cf51227a4e0031b930afdd7f9
probe8-planes-s4,measurement,82,8,3080,4000012,1024,160,100,8,1016,0.5144578999999994,0.5063562007874008,518.5087496062985,1.0108187000005273,NVIDIA GeForce RTX 4080 Laptop GPU/PCIe/SSE2,08cbcb4555bd6df102e797b7c9d65460be0db21562fd33c6db4785c972d2901e,3e6c4eb7e6b91f9298045953b132eb7ab9fb7f22a4560f62bfbc57f2955c9359,04b9a569c8302e7d4205af6dd7ec561d6350b4939396f692e2a898dcd3b3bf13
probe8-planes-s5,measurement,82,8,3080,5000015,1024,160,100,8,1016,0.5324246000000004,0.5240399606299216,536.6169196850398,1.0214525000046706,NVIDIA GeForce RTX 4080 Laptop GPU/PCIe/SSE2,08cbcb4555bd6df102e797b7c9d65460be0db21562fd33c6db4785c972d2901e,169381a4feab1f4e9b0f7b20e7bdb4c7f3150f900dec6213ae5f81cb5696c392,a000006f4d337f0ce5bf11ef0753a8b96a11590354e915f9723e3b5444f1d624
probe8-six-s0,measurement,82,8,3976,0,1024,160,100,8,1016,1.2883972,1.2681074803149606,1298.5420598425196,1.7976390999974683,NVIDIA GeForce RTX 4080 Laptop GPU/PCIe/SSE2,08cbcb4555bd6df102e797b7c9d65460be0db21562fd33c6db4785c972d2901e,f504abde0fdaa803c591be4a2fc4ec72138b9581a0c87635cabb5b4959cec36f,37dca42568e1519d8618391db0a2ea45c76e0bd6f27282c6364877be9f4c3ca1
probe8-six-s1,measurement,82,8,3976,1000003,1024,160,100,8,1016,1.2913248999999998,1.2709890748031494,1301.492812598425,1.8534166000026744,NVIDIA GeForce RTX 4080 Laptop GPU/PCIe/SSE2,08cbcb4555bd6df102e797b7c9d65460be0db21562fd33c6db4785c972d2901e,f304a84087ccd2037fd242f1bcd69a635234b4df3ae3c680e5bab8c386511433,006274583d159899bf7030ca6a318ed16c19906ceff3284be1f76ab7149afc29
probe8-six-s2,measurement,82,8,3976,2000006,1024,160,100,8,1016,1.321622200000001,1.300809251968505,1332.0286740157492,1.8331582000100752,NVIDIA GeForce RTX 4080 Laptop GPU/PCIe/SSE2,08cbcb4555bd6df102e797b7c9d65460be0db21562fd33c6db4785c972d2901e,15eb217f63da6442745cc5b64c8d5e25abecd46693ba8382bca4055c1d5e126c,2577ed1a745d63b48a677d64c2f7614c2590fd83982fcd2e60b74d1dd0919a11
probe8-six-s3,measurement,82,8,3976,3000009,1024,160,100,8,1016,1.2807943999999993,1.2606244094488182,1290.8793952755898,1.7822479000024032,NVIDIA GeForce RTX 4080 Laptop GPU/PCIe/SSE2,08cbcb4555bd6df102e797b7c9d65460be0db21562fd33c6db4785c972d2901e,581676ed02c6b81aab32e7dcfe0ea1970a2956450ab671d4786124fd160ca063,0ce453321cc5f58b96967935c7a2c7a7f21e5bc9fbb56e721be404c4943e7d92
probe8-six-s4,measurement,82,8,3976,4000012,1024,160,100,8,1016,1.3258535999999996,1.3049740157480312,1336.293392125984,1.847473899993929,NVIDIA GeForce RTX 4080 Laptop GPU/PCIe/SSE2,08cbcb4555bd6df102e797b7c9d65460be0db21562fd33c6db4785c972d2901e,f2c8bf20eed0b0cfe5a4974a6cee282b0e73a39942c15721e18b86eb3feecb8e,2175ab2fe0a09a1fc190d2c6ed3b0eeace1af0cbe063c7e09d5b562deb1fd7a3
probe8-six-s5,measurement,82,8,3976,5000015,1024,160,100,8,1016,1.3339047000000022,1.3128983267716556,1344.4078866141754,1.9202064999990398,NVIDIA GeForce RTX 4080 Laptop GPU/PCIe/SSE2,08cbcb4555bd6df102e797b7c9d65460be0db21562fd33c6db4785c972d2901e,71e475c159ea669d555ceda7e7b454468b3f5d25124cb9f07077784f91c7c56a,d43950dd4bf4f7363579e96ae591dedcd50cae4d1f94d92b1dc5700250ce59b5
probe8-sphere-s0,measurement,82,8,128,0,1024,160,100,8,1016,0.4041946000000002,0.3978293307086616,407.3772346456695,0.970924000008381,NVIDIA GeForce RTX 4080 Laptop GPU/PCIe/SSE2,08cbcb4555bd6df102e797b7c9d65460be0db21562fd33c6db4785c972d2901e,53fab3a2b6c905689c1761051c48692f1e92bd543eb2a96d22beb11d6aea212a,1b92a1afd33adf3e2b39c68bbb4daee991d735b45b74b2eb5e7024757814c094
probe8-sphere-s1,measurement,82,8,128,1000003,1024,160,100,8,1016,0.3547462999999996,0.3491597440944878,357.5395779527555,0.8571246000065003,NVIDIA GeForce RTX 4080 Laptop GPU/PCIe/SSE2,08cbcb4555bd6df102e797b7c9d65460be0db21562fd33c6db4785c972d2901e,f1d1cb4687e3e3ecde34ed1da201961ecf839cc2f005a3e4196cab2df4f5ef75,d9be699df72a284a58dc222d7d59a19378b9fa747f1fdeb95cba2b1f4f1a57f6
probe8-sphere-s2,measurement,82,8,128,2000006,1024,160,100,8,1016,0.3771031999999998,0.37116456692913363,380.07251653543284,0.8809896000020672,NVIDIA GeForce RTX 4080 Laptop GPU/PCIe/SSE2,08cbcb4555bd6df102e797b7c9d65460be0db21562fd33c6db4785c972d2901e,d560acded35ef4f6f6e2e7d91f65f03ba5305d87dba1239d1edfeccc879f16b3,2410890432145d055fb9112da4cfed66633518370d94d9803ff547faa0df59b3
probe8-sphere-s3,measurement,82,8,128,3000009,1024,160,100,8,1016,0.37904870000000007,0.37307942913385833,382.03333543307093,0.8698094999999739,NVIDIA GeForce RTX 4080 Laptop GPU/PCIe/SSE2,08cbcb4555bd6df102e797b7c9d65460be0db21562fd33c6db4785c972d2901e,6ca69112558560b8d6465b1f22f283a353cf10e6a3ad06ae227b56c4573c3908,b56e8536aca7ff6c7b257967c84c3e73d44e9aa9f1c58e0257f68f0aad626a72
probe8-sphere-s4,measurement,82,8,128,4000012,1024,160,100,8,1016,0.34270120000000037,0.3373043307086618,345.39963464566966,0.8586279000010109,NVIDIA GeForce RTX 4080 Laptop GPU/PCIe/SSE2,08cbcb4555bd6df102e797b7c9d65460be0db21562fd33c6db4785c972d2901e,01a7b22c8bd6c61af2c806fd2e098620b64b07bfc85825fcedd51429973fa5bf,af4fd2b6c15ab1d8f908d98f303060cf6f9eef5eb4385ee0cd4c1884179c2ce9
probe8-sphere-s5,measurement,82,8,128,5000015,1024,160,100,8,1016,0.37398080000000017,0.36809133858267734,376.9255307086616,0.8829624999925727,NVIDIA GeForce RTX 4080 Laptop GPU/PCIe/SSE2,08cbcb4555bd6df102e797b7c9d65460be0db21562fd33c6db4785c972d2901e,6f7cd21f2162678f4d3eed6169ff88dc88a39f5f8ef5930c5aca9d0910e866eb,abeba486f0451bbccdc71669d2ab31c63ce2c6f1ccacf9e2f64e56823bce7a99
probe8-spins-s0,measurement,82,8,896,0,1024,160,100,8,1016,0.8328174000000013,0.8197021653543319,839.3750173228359,1.3209210000059102,NVIDIA GeForce RTX 4080 Laptop GPU/PCIe/SSE2,08cbcb4555bd6df102e797b7c9d65460be0db21562fd33c6db4785c972d2901e,a7c48ca8f55a42ab05818b1fe38fcbc950e375f06c3d5d89678cd989b36a4ce8,20168c241cce6e610c8e051fecc4677b90466490d715eeb283bee9d61379b78a
probe8-spins-s1,measurement,82,8,896,1000003,1024,160,100,8,1016,0.7844469000000008,0.7720934055118118,790.6236472440953,1.2891074000071967,NVIDIA GeForce RTX 4080 Laptop GPU/PCIe/SSE2,08cbcb4555bd6df102e797b7c9d65460be0db21562fd33c6db4785c972d2901e,e805d0a55830e27b4c663856d4cc22e97bd7471254721ac4bbdfbdb034820a3c,f0ca08d0f498de2b85056bd6bee936a4acbc07d48223c10cc5c115c8f7b48daa
probe8-spins-s2,measurement,82,8,896,2000006,1024,160,100,8,1016,0.8675766999999994,0.853914074803149,874.4080125984245,1.3630658000038238,NVIDIA GeForce RTX 4080 Laptop GPU/PCIe/SSE2,08cbcb4555bd6df102e797b7c9d65460be0db21562fd33c6db4785c972d2901e,293c1d2f463ff0b59db75923f26c3cee92d164fcdc9e386efdb221a24944e220,9acf6b30bc6ab6fb4bd780cdde1d54d4b4aab6d84402455201f5533c8f2fa174
probe8-spins-s3,measurement,82,8,896,3000009,1024,160,100,8,1016,0.8543914000000009,0.8409364173228355,861.1188913385836,1.3341024000110338,NVIDIA GeForce RTX 4080 Laptop GPU/PCIe/SSE2,08cbcb4555bd6df102e797b7c9d65460be0db21562fd33c6db4785c972d2901e,6709fc801c309747d3f0208df4ff31557e9f80d85ffbd56ca30213748cf99869,8aa9551a2b1a52471913f6dfdfa8bc07a0abd2a386eb770b0f70a092135b0a6e
probe8-spins-s4,measurement,82,8,896,4000012,1024,160,100,8,1016,0.8834954999999998,0.8695821850393698,890.4521574803147,1.3928951999987476,NVIDIA GeForce RTX 4080 Laptop GPU/PCIe/SSE2,08cbcb4555bd6df102e797b7c9d65460be0db21562fd33c6db4785c972d2901e,8a3f199624f298bbb3fdd72cc15b4299783284bd9daec6dc968381abca6a152a,7d5473b2f844f8c639dbb8ebfe49a95199a3254fb258696858dd2d7cb8566be2
probe8-spins-s5,measurement,82,8,896,5000015,1024,160,100,8,1016,0.8630361000000004,0.849444980314961,869.83165984252,1.3790039000014076,NVIDIA GeForce RTX 4080 Laptop GPU/PCIe/SSE2,08cbcb4555bd6df102e797b7c9d65460be0db21562fd33c6db4785c972d2901e,cc593096681a239df6f23cb33572ee5774949fab165e7f3c6981a5ad821e6249,75fdbe2413e49d084079b128d6e8808baf4df563b6dc31fd5824cec4c40127c2
probe8-ut-s0,measurement,82,8,1024,0,1024,160,100,8,1016,0.36538919999999975,0.35963503937007846,368.26628031496034,0.8576307000039378,NVIDIA GeForce RTX 4080 Laptop GPU/PCIe/SSE2,08cbcb4555bd6df102e797b7c9d65460be0db21562fd33c6db4785c972d2901e,461bbecc32255a606d85cc43f86e3ebf45091d4e249da05b9effe0e876c07811,f39086be3bfe175cded5a209186f5c25a8f1a4da1f8dec7619a22357ea0761d9
probe8-ut-s1,measurement,82,8,1024,1000003,1024,160,100,8,1016,0.3677949000000002,0.3620028543307089,370.6909228346459,0.8559983000013744,NVIDIA GeForce RTX 4080 Laptop GPU/PCIe/SSE2,08cbcb4555bd6df102e797b7c9d65460be0db21562fd33c6db4785c972d2901e,292b109ceefabb227d8084008bdb8edf90a5e21cd2642226d4287d49aa760f54,e0220a66600967e7060f8cd295a310ddc200d4af769cfa4faa4d9141c2d9e5f1
probe8-ut-s2,measurement,82,8,1024,2000006,1024,160,100,8,1016,0.3517879000000001,0.3462479330708662,354.557883464567,0.8226550999970641,NVIDIA GeForce RTX 4080 Laptop GPU/PCIe/SSE2,08cbcb4555bd6df102e797b7c9d65460be0db21562fd33c6db4785c972d2901e,98ee58688fe2fbe73e6e010c2a9f298f8df85359fe090932cbc3ab9da30b3b83,7ae8dab1bf5bb89f92254d57a6d13a7348d556381d4244456804e6dc66a78d82
probe8-ut-s3,measurement,82,8,1024,3000009,1024,160,100,8,1016,0.35755230000000027,0.3519215551181105,360.36767244094517,0.8546131000039168,NVIDIA GeForce RTX 4080 Laptop GPU/PCIe/SSE2,08cbcb4555bd6df102e797b7c9d65460be0db21562fd33c6db4785c972d2901e,ec0c8d32c59242f558d509229d50e75a53e74697b6ce24436948b9726fe51b53,4792ae8ce5c43207b023b0f3e90dff4dc4880daa69b934f247092e9d66cc2c23
probe8-ut-s4,measurement,82,8,1024,4000012,1024,160,100,8,1016,0.35015270000000004,0.3446384842519685,352.90980787401577,0.8351850000035483,NVIDIA GeForce RTX 4080 Laptop GPU/PCIe/SSE2,08cbcb4555bd6df102e797b7c9d65460be0db21562fd33c6db4785c972d2901e,30d0ed9fa995c24953af9dba5e799456a019889bf84cfa0d647334a06988ae51,b39312c065e7ad8bf066b88b3127d8c4d1997a710602ffbc0666cc0796684fb4
probe8-ut-s5,measurement,82,8,1024,5000015,1024,160,100,8,1016,0.3477071999999998,0.34223149606299197,350.4450519685038,0.8305517999979202,NVIDIA GeForce RTX 4080 Laptop GPU/PCIe/SSE2,08cbcb4555bd6df102e797b7c9d65460be0db21562fd33c6db4785c972d2901e,b0001ec0e7a0ea5886e45c155d88f944c381ad40d383c1297ed8936912576769,13bfaea5f06370a5618cf4a9378fa0e2745243fb69112a84fc194592b8e27620
probe8-uv-s0,measurement,82,8,8,0,1024,160,100,8,1016,0.35275789999999974,0.3472026574803147,355.53552125984226,0.8334068999974988,NVIDIA GeForce RTX 4080 Laptop GPU/PCIe/SSE2,08cbcb4555bd6df102e797b7c9d65460be0db21562fd33c6db4785c972d2901e,93f1bcc2294f5633efd59e914b8640cbf86294de264eda037097778b51461232,a985308df5690f02b11d706e10420838d092a5f4fa9be31d3319e2d5932c9dc6
probe8-uv-s1,measurement,82,8,8,1000003,1024,160,100,8,1016,0.36312149999999915,0.35740305118110155,365.980724409448,0.8411941999947885,NVIDIA GeForce RTX 4080 Laptop GPU/PCIe/SSE2,08cbcb4555bd6df102e797b7c9d65460be0db21562fd33c6db4785c972d2901e,f508a30a1970b05b3ecd6164556e984e81e08b75dd645e3521837ce25248351d,acbd6b46e153e1073ff89af30f8b7881bed84c6d84d597dadb16ef34f877b36a
probe8-uv-s2,measurement,82,8,8,2000006,1024,160,100,8,1016,0.39728490000000016,0.3910284448818899,400.4131275590553,0.9203227999969386,NVIDIA GeForce RTX 4080 Laptop GPU/PCIe/SSE2,08cbcb4555bd6df102e797b7c9d65460be0db21562fd33c6db4785c972d2901e,0e47ec6bb83e0d777cf3d8bb8f463fb98082dc0fe95333e8edb8f82670bbecf5,98ca5fc9bbba7fbeb6838ce6a059832660d46495b563e131b2c2eea475a5282c
probe8-uv-s3,measurement,82,8,8,3000009,1024,160,100,8,1016,0.33487300000000003,0.32959940944881894,337.5097952755906,0.8283560999989277,NVIDIA GeForce RTX 4080 Laptop GPU/PCIe/SSE2,08cbcb4555bd6df102e797b7c9d65460be0db21562fd33c6db4785c972d2901e,c3e1fd072a0c81dc3babb42a5ab3df640e6c566ba3137915bae8974937f66e3a,af315b711678ce3f2e7634a8c9058fec05457d80308e2c2266dd2c082d0daf42
probe8-uv-s4,measurement,82,8,8,4000012,1024,160,100,8,1016,0.3678269999999999,0.3620344488188975,370.72327559055105,0.8677063000068301,NVIDIA GeForce RTX 4080 Laptop GPU/PCIe/SSE2,08cbcb4555bd6df102e797b7c9d65460be0db21562fd33c6db4785c972d2901e,a08c8ebd05e7baeedcbb4780fc9422f98b6d1a359c673ecab4bdc24b5711d101,84c123751dbdb5b430f5b0a6e2f408b35f8da86e0718ed515701cab7a16a40da
probe8-uv-s5,measurement,82,8,8,5000015,1024,160,100,8,1016,0.36869019999999986,0.36288405511811006,371.5932724409447,0.8728608000092208,NVIDIA GeForce RTX 4080 Laptop GPU/PCIe/SSE2,08cbcb4555bd6df102e797b7c9d65460be0db21562fd33c6db4785c972d2901e,9c67dd8f81cdef20e4e9541fcfe2f2333d9507d451f5284d4d8674ec483a67c1,695217e4f77ee0e0783dccae363fa7ba723a6e386ae04cd85278f3c3c774d7d7
probe8-uv-sphere-s0,measurement,82,8,136,0,1024,160,100,8,1016,0.5522851000000001,0.5435876968503938,556.6338015748032,1.048855300003197,NVIDIA GeForce RTX 4080 Laptop GPU/PCIe/SSE2,08cbcb4555bd6df102e797b7c9d65460be0db21562fd33c6db4785c972d2901e,f1006ef3ac0eb2999020750ade9776b3ffb989ad1a05784b3960b6c79d6494b3,1dcf5d58923eafb62751234f3bd0f6cc55e305590bad2589b51e7a9bfff9c057
probe8-uv-sphere-s1,measurement,82,8,136,1000003,1024,160,100,8,1016,0.5360972999999999,0.5276548228346456,540.3185385826771,1.0393245000013849,NVIDIA GeForce RTX 4080 Laptop GPU/PCIe/SSE2,08cbcb4555bd6df102e797b7c9d65460be0db21562fd33c6db4785c972d2901e,1bfa8af9876176073bc7601a60075200a52889b5323db1f27357ce36741a520b,aa50728bd0027d6bcc490b9750fb0fc10c7d96724dc33d4e44239d4952227a00
probe8-uv-sphere-s2,measurement,82,8,136,2000006,1024,160,100,8,1016,0.5492473999999997,0.540597834645669,553.5721826771651,1.0511075999966124,NVIDIA GeForce RTX 4080 Laptop GPU/PCIe/SSE2,08cbcb4555bd6df102e797b7c9d65460be0db21562fd33c6db4785c972d2901e,82f3ab77827316f70c16e193b9327456aea2749518775b3789efa3e786f2e488,17ee18c96184668657dd41e217fcc0065dfda8f91af6e567e494de5188c2cd0b
probe8-uv-sphere-s3,measurement,82,8,136,3000009,1024,160,100,8,1016,0.554405999999999,0.5456751968503927,558.7714015748021,1.048306800003047,NVIDIA GeForce RTX 4080 Laptop GPU/PCIe/SSE2,08cbcb4555bd6df102e797b7c9d65460be0db21562fd33c6db4785c972d2901e,48f5fdfad5bf99387c4fba0ba8ed8bc386990dc779c92c4e27759798ab19ed2c,2711edc3b8428ebef385f76773304d5c3041d7a9bfc204c9679af379073cbe55
probe8-uv-sphere-s4,measurement,82,8,136,4000012,1024,160,100,8,1016,0.5435043000000006,0.534945177165355,547.7838614173235,1.0302824999962468,NVIDIA GeForce RTX 4080 Laptop GPU/PCIe/SSE2,08cbcb4555bd6df102e797b7c9d65460be0db21562fd33c6db4785c972d2901e,7892298549b3b8d5105c81fda8b9ea8a0523aa2e6f547a5f5a9a1ed57b7717e1,e76849b6a27942c1126676e5e441a60968ad03e63ba626e0c682634261e2943e
probe8-uv-sphere-s5,measurement,82,8,136,5000015,1024,160,100,8,1016,0.5695863000000005,0.5606164370078746,574.0712314960635,1.064019700002973,NVIDIA GeForce RTX 4080 Laptop GPU/PCIe/SSE2,08cbcb4555bd6df102e797b7c9d65460be0db21562fd33c6db4785c972d2901e,53ce43f3fb12c17813fbd26939d9435077d130d3e61038da0fe2a64db27f1c37,9fbfb7a5fa4b8f2d33d6a467bf647feab3420619cbb0550ad0b8d98e17ac9e08
probe8-vt-s0,measurement,82,8,2048,0,1024,160,100,8,1016,0.37858730000000096,0.37262529527559146,381.56830236220566,0.8487854000122752,NVIDIA GeForce RTX 4080 Laptop GPU/PCIe/SSE2,08cbcb4555bd6df102e797b7c9d65460be0db21562fd33c6db4785c972d2901e,fb0ec820afdfa0eb9ef5fb668e74fdd023f38439886a2127139671371b6ec375,7e2b515d0861a16e085558fea43ca0f9e552fbf9c398502bb0a8b9406f06d4f4
probe8-vt-s1,measurement,82,8,2048,1000003,1024,160,100,8,1016,0.33570139999999987,0.33041476377952744,338.3447181102361,0.8331823000044096,NVIDIA GeForce RTX 4080 Laptop GPU/PCIe/SSE2,08cbcb4555bd6df102e797b7c9d65460be0db21562fd33c6db4785c972d2901e,8a366d3dff75681c2e81117948378b2508c3e456a701c006fa6ebd535593e92d,259fa1848eba67d4883fc470507e9935239894c8e97d8b09be744c620693efed
probe8-vt-s2,measurement,82,8,2048,2000006,1024,160,100,8,1016,0.3604147999999994,0.3547389763779522,363.25271181102306,0.8849488000123529,NVIDIA GeForce RTX 4080 Laptop GPU/PCIe/SSE2,08cbcb4555bd6df102e797b7c9d65460be0db21562fd33c6db4785c972d2901e,7a9be5bf608e2d20a8988a793d3931e0515e016bbe5a4c311374e2b3c9ed7cc5,c2c85c80d8bed0557a40b7e6dc78ba37a8066250973466bc8f5fd7b70fba90fd
probe8-vt-s3,measurement,82,8,2048,3000009,1024,160,100,8,1016,0.38095169999999995,0.3749524606299212,383.9513196850393,0.8932579000102123,NVIDIA GeForce RTX 4080 Laptop GPU/PCIe/SSE2,08cbcb4555bd6df102e797b7c9d65460be0db21562fd33c6db4785c972d2901e,e5a84393222db4f2afb3df46579ec0adbe0e6c860626386ad669e98681c609a3,c8d76a9032f0f15754242588d15951d7e91f7f06ad83af2bfd013c324a908482
probe8-vt-s4,measurement,82,8,2048,4000012,1024,160,100,8,1016,0.3878997999999999,0.3817911417322834,390.9541291338582,0.9010360999964178,NVIDIA GeForce RTX 4080 Laptop GPU/PCIe/SSE2,08cbcb4555bd6df102e797b7c9d65460be0db21562fd33c6db4785c972d2901e,884ed6a417da883430b395411099ab229036a80e0b3d00310cf9c6494cbb1f3e,0872a4383deb47ecc15dda16e8acc7a80e16011c93b6ea032dd26166726bc28b
probe8-vt-s5,measurement,82,8,2048,5000015,1024,160,100,8,1016,0.4055318999999999,0.3991455708661416,408.725064566929,0.9456447000120534,NVIDIA GeForce RTX 4080 Laptop GPU/PCIe/SSE2,08cbcb4555bd6df102e797b7c9d65460be0db21562fd33c6db4785c972d2901e,271900ee675ecd6d845c0b40eef8d235639bd836a89a6c0c49e284b2cde6aec7,d477adfb3f686fb97ae1e61bf16a91654861b33c564c6a1520e6d1ab39a82906
